INSERT INTO cars_brands (id, name) VALUES (1, 'Auburn');
INSERT INTO cars_brands (id, name) VALUES (2, 'Audi');
INSERT INTO cars_brands (id, name) VALUES (3, 'Aurus');
INSERT INTO cars_brands (id, name) VALUES (4, 'BAIC');
INSERT INTO cars_brands (id, name) VALUES (5, 'Bajaj');
INSERT INTO cars_brands (id, name) VALUES (6, 'Baltijas Dzips');
INSERT INTO cars_brands (id, name) VALUES (7, 'Baojun');
INSERT INTO cars_brands (id, name) VALUES (8, 'Batmobile');
INSERT INTO cars_brands (id, name) VALUES (9, 'BAW');
INSERT INTO cars_brands (id, name) VALUES (10, 'Belgee');
INSERT INTO cars_brands (id, name) VALUES (11, 'Bentley');
INSERT INTO cars_brands (id, name) VALUES (12, 'Bilenkin');
INSERT INTO cars_brands (id, name) VALUES (13, 'Bio Auto');
INSERT INTO cars_brands (id, name) VALUES (14, 'BMW');
INSERT INTO cars_brands (id, name) VALUES (15, 'Borgward');
INSERT INTO cars_brands (id, name) VALUES (16, 'BYD');
INSERT INTO cars_brands (id, name) VALUES (17, 'Byvin');
INSERT INTO cars_brands (id, name) VALUES (18, 'Cadillac');
INSERT INTO cars_brands (id, name) VALUES (19, 'EXEED');
INSERT INTO cars_brands (id, name) VALUES (20, 'Chevrolet');
INSERT INTO cars_brands (id, name) VALUES (21, 'Chrysler');
INSERT INTO cars_brands (id, name) VALUES (22, 'Dacia');
INSERT INTO cars_brands (id, name) VALUES (23, 'DW Hower');
INSERT INTO cars_brands (id, name) VALUES (24, 'Eagle');
INSERT INTO cars_brands (id, name) VALUES (25, 'Ё-мобиль');
INSERT INTO cars_brands (id, name) VALUES (26, 'Facel Vega');
INSERT INTO cars_brands (id, name) VALUES (27, 'FAW');
INSERT INTO cars_brands (id, name) VALUES (28, 'Ferrari');
INSERT INTO cars_brands (id, name) VALUES (29, 'Ford');
INSERT INTO cars_brands (id, name) VALUES (30, 'Forthing');
INSERT INTO cars_brands (id, name) VALUES (31, 'GAC');
INSERT INTO cars_brands (id, name) VALUES (32, 'ГАЗ');
INSERT INTO cars_brands (id, name) VALUES (33, 'Geo');
INSERT INTO cars_brands (id, name) VALUES (34, 'GMC');
INSERT INTO cars_brands (id, name) VALUES (35, 'Goggomobil');
INSERT INTO cars_brands (id, name) VALUES (36, 'Hennessey');
INSERT INTO cars_brands (id, name) VALUES (37, 'Hindustan');
INSERT INTO cars_brands (id, name) VALUES (38, 'HiPhi');
INSERT INTO cars_brands (id, name) VALUES (39, 'Hispano-Suiza');
INSERT INTO cars_brands (id, name) VALUES (40, 'Invicta');
INSERT INTO cars_brands (id, name) VALUES (41, 'Jaguar');
INSERT INTO cars_brands (id, name) VALUES (42, 'Jeep');
INSERT INTO cars_brands (id, name) VALUES (43, 'Jidu');
INSERT INTO cars_brands (id, name) VALUES (44, 'Jinbei');
INSERT INTO cars_brands (id, name) VALUES (45, 'Kia');
INSERT INTO cars_brands (id, name) VALUES (46, 'LEVC');
INSERT INTO cars_brands (id, name) VALUES (47, 'Lexus');
INSERT INTO cars_brands (id, name) VALUES (48, 'Nissan');
INSERT INTO cars_brands (id, name) VALUES (49, 'Noble');
INSERT INTO cars_brands (id, name) VALUES (50, 'Oldsmobile');
INSERT INTO cars_brands (id, name) VALUES (51, 'OMODA');
INSERT INTO cars_brands (id, name) VALUES (52, 'Opel');
INSERT INTO cars_brands (id, name) VALUES (53, 'Ora');
INSERT INTO cars_brands (id, name) VALUES (54, 'Peugeot');
INSERT INTO cars_brands (id, name) VALUES (55, 'PGO');
INSERT INTO cars_brands (id, name) VALUES (56, 'Piaggio');
INSERT INTO cars_brands (id, name) VALUES (57, 'Porsche');
INSERT INTO cars_brands (id, name) VALUES (58, 'Premier');
INSERT INTO cars_brands (id, name) VALUES (59, 'Спортивные авто и реплики');
INSERT INTO cars_brands (id, name) VALUES (60, 'Ram');
INSERT INTO cars_brands (id, name) VALUES (61, 'Renaissance');
INSERT INTO cars_brands (id, name) VALUES (62, 'Tofas');
INSERT INTO cars_brands (id, name) VALUES (63, 'Toyota');
INSERT INTO cars_brands (id, name) VALUES (64, 'TVR');
INSERT INTO cars_brands (id, name) VALUES (65, 'УАЗ');
INSERT INTO cars_brands (id, name) VALUES (66, 'Volga');
INSERT INTO cars_brands (id, name) VALUES (67, 'Volkswagen');
INSERT INTO cars_brands (id, name) VALUES (68, 'Volvo');


INSERT INTO cars_models (name, brand_id) VALUES ('Speedster', 1);
INSERT INTO cars_models (name, brand_id) VALUES ('100', 2);
INSERT INTO cars_models (name, brand_id) VALUES ('200', 2);
INSERT INTO cars_models (name, brand_id) VALUES ('50', 2);
INSERT INTO cars_models (name, brand_id) VALUES ('80', 2);
INSERT INTO cars_models (name, brand_id) VALUES ('90', 2);
INSERT INTO cars_models (name, brand_id) VALUES ('920', 2);
INSERT INTO cars_models (name, brand_id) VALUES ('A1', 2);
INSERT INTO cars_models (name, brand_id) VALUES ('A2', 2);
INSERT INTO cars_models (name, brand_id) VALUES ('A3', 2);
INSERT INTO cars_models (name, brand_id) VALUES ('A4', 2);
INSERT INTO cars_models (name, brand_id) VALUES ('A4 allroad', 2);
INSERT INTO cars_models (name, brand_id) VALUES ('A5', 2);
INSERT INTO cars_models (name, brand_id) VALUES ('A6', 2);
INSERT INTO cars_models (name, brand_id) VALUES ('A6 allroad', 2);
INSERT INTO cars_models (name, brand_id) VALUES ('A6 e-tron', 2);
INSERT INTO cars_models (name, brand_id) VALUES ('A7', 2);
INSERT INTO cars_models (name, brand_id) VALUES ('A8', 2);
INSERT INTO cars_models (name, brand_id) VALUES ('Cabriolet', 2);
INSERT INTO cars_models (name, brand_id) VALUES ('Coupe', 2);
INSERT INTO cars_models (name, brand_id) VALUES ('e-tron', 2);
INSERT INTO cars_models (name, brand_id) VALUES ('e-tron GT', 2);
INSERT INTO cars_models (name, brand_id) VALUES ('e-tron S', 2);
INSERT INTO cars_models (name, brand_id) VALUES ('e-tron S Sportback', 2);
INSERT INTO cars_models (name, brand_id) VALUES ('e-tron Sportback', 2);
INSERT INTO cars_models (name, brand_id) VALUES ('Front', 2);
INSERT INTO cars_models (name, brand_id) VALUES ('NSU RO 80', 2);
INSERT INTO cars_models (name, brand_id) VALUES ('Q2', 2);
INSERT INTO cars_models (name, brand_id) VALUES ('Q3', 2);
INSERT INTO cars_models (name, brand_id) VALUES ('Q3 Sportback', 2);
INSERT INTO cars_models (name, brand_id) VALUES ('Q4 e-tron', 2);
INSERT INTO cars_models (name, brand_id) VALUES ('Q4 Sportback e-tron', 2);
INSERT INTO cars_models (name, brand_id) VALUES ('Q5', 2);
INSERT INTO cars_models (name, brand_id) VALUES ('Q5 e-tron', 2);
INSERT INTO cars_models (name, brand_id) VALUES ('Q5 Sportback', 2);
INSERT INTO cars_models (name, brand_id) VALUES ('Q6', 2);
INSERT INTO cars_models (name, brand_id) VALUES ('Q6 e-tron', 2);
INSERT INTO cars_models (name, brand_id) VALUES ('Q7', 2);
INSERT INTO cars_models (name, brand_id) VALUES ('Q8', 2);
INSERT INTO cars_models (name, brand_id) VALUES ('Q8 e-tron', 2);
INSERT INTO cars_models (name, brand_id) VALUES ('Q8 Sportback e-tron', 2);
INSERT INTO cars_models (name, brand_id) VALUES ('Quattro', 2);
INSERT INTO cars_models (name, brand_id) VALUES ('R8', 2);
INSERT INTO cars_models (name, brand_id) VALUES ('R8 LMP', 2);
INSERT INTO cars_models (name, brand_id) VALUES ('RS 2', 2);
INSERT INTO cars_models (name, brand_id) VALUES ('RS 3', 2);
INSERT INTO cars_models (name, brand_id) VALUES ('RS 4', 2);
INSERT INTO cars_models (name, brand_id) VALUES ('RS 5', 2);
INSERT INTO cars_models (name, brand_id) VALUES ('RS 6', 2);
INSERT INTO cars_models (name, brand_id) VALUES ('RS 7', 2);
INSERT INTO cars_models (name, brand_id) VALUES ('RS e-tron GT', 2);
INSERT INTO cars_models (name, brand_id) VALUES ('RS Q3', 2);
INSERT INTO cars_models (name, brand_id) VALUES ('RS Q3 Sportback', 2);
INSERT INTO cars_models (name, brand_id) VALUES ('RS Q8', 2);
INSERT INTO cars_models (name, brand_id) VALUES ('S e-tron GT', 2);
INSERT INTO cars_models (name, brand_id) VALUES ('S1', 2);
INSERT INTO cars_models (name, brand_id) VALUES ('S2', 2);
INSERT INTO cars_models (name, brand_id) VALUES ('S3', 2);
INSERT INTO cars_models (name, brand_id) VALUES ('S4', 2);
INSERT INTO cars_models (name, brand_id) VALUES ('S5', 2);
INSERT INTO cars_models (name, brand_id) VALUES ('S6', 2);
INSERT INTO cars_models (name, brand_id) VALUES ('S6 e-tron', 2);
INSERT INTO cars_models (name, brand_id) VALUES ('S7', 2);
INSERT INTO cars_models (name, brand_id) VALUES ('S8', 2);
INSERT INTO cars_models (name, brand_id) VALUES ('SQ2', 2);
INSERT INTO cars_models (name, brand_id) VALUES ('SQ5', 2);
INSERT INTO cars_models (name, brand_id) VALUES ('SQ5 Sportback', 2);
INSERT INTO cars_models (name, brand_id) VALUES ('SQ6 e-tron', 2);
INSERT INTO cars_models (name, brand_id) VALUES ('SQ7', 2);
INSERT INTO cars_models (name, brand_id) VALUES ('SQ8', 2);
INSERT INTO cars_models (name, brand_id) VALUES ('SQ8 e-tron', 2);
INSERT INTO cars_models (name, brand_id) VALUES ('SQ8 Sportback e-tron', 2);
INSERT INTO cars_models (name, brand_id) VALUES ('TT', 2);
INSERT INTO cars_models (name, brand_id) VALUES ('TT RS', 2);
INSERT INTO cars_models (name, brand_id) VALUES ('TTS', 2);
INSERT INTO cars_models (name, brand_id) VALUES ('Typ R', 2);
INSERT INTO cars_models (name, brand_id) VALUES ('V8', 2);
INSERT INTO cars_models (name, brand_id) VALUES ('Komendant', 3);
INSERT INTO cars_models (name, brand_id) VALUES ('Senat', 3);
INSERT INTO cars_models (name, brand_id) VALUES ('A1', 4);
INSERT INTO cars_models (name, brand_id) VALUES ('BJ2020', 4);
INSERT INTO cars_models (name, brand_id) VALUES ('BJ2021', 4);
INSERT INTO cars_models (name, brand_id) VALUES ('BJ2026', 4);
INSERT INTO cars_models (name, brand_id) VALUES ('BJ2030', 4);
INSERT INTO cars_models (name, brand_id) VALUES ('BJ212', 4);
INSERT INTO cars_models (name, brand_id) VALUES ('BJ30', 4);
INSERT INTO cars_models (name, brand_id) VALUES ('BJ40', 4);
INSERT INTO cars_models (name, brand_id) VALUES ('BJ60', 4);
INSERT INTO cars_models (name, brand_id) VALUES ('BJ80', 4);
INSERT INTO cars_models (name, brand_id) VALUES ('BJ90', 4);
INSERT INTO cars_models (name, brand_id) VALUES ('EU', 4);
INSERT INTO cars_models (name, brand_id) VALUES ('EU5', 4);
INSERT INTO cars_models (name, brand_id) VALUES ('EU7', 4);
INSERT INTO cars_models (name, brand_id) VALUES ('EX3', 4);
INSERT INTO cars_models (name, brand_id) VALUES ('EX5', 4);
INSERT INTO cars_models (name, brand_id) VALUES ('Jeep 2500', 4);
INSERT INTO cars_models (name, brand_id) VALUES ('Kenbo 600', 4);
INSERT INTO cars_models (name, brand_id) VALUES ('Luba (XB624)', 4);
INSERT INTO cars_models (name, brand_id) VALUES ('Ruixiang X5', 4);
INSERT INTO cars_models (name, brand_id) VALUES ('U5', 4);
INSERT INTO cars_models (name, brand_id) VALUES ('U5 Plus', 4);
INSERT INTO cars_models (name, brand_id) VALUES ('U7', 4);
INSERT INTO cars_models (name, brand_id) VALUES ('X3', 4);
INSERT INTO cars_models (name, brand_id) VALUES ('X35', 4);
INSERT INTO cars_models (name, brand_id) VALUES ('X5', 4);
INSERT INTO cars_models (name, brand_id) VALUES ('X55', 4);
INSERT INTO cars_models (name, brand_id) VALUES ('X7', 4);
INSERT INTO cars_models (name, brand_id) VALUES ('X75', 4);
INSERT INTO cars_models (name, brand_id) VALUES ('Qute', 5);
INSERT INTO cars_models (name, brand_id) VALUES ('BD-1322', 6);
INSERT INTO cars_models (name, brand_id) VALUES ('510', 7);
INSERT INTO cars_models (name, brand_id) VALUES ('E300', 7);
INSERT INTO cars_models (name, brand_id) VALUES ('Kiwi EV', 7);
INSERT INTO cars_models (name, brand_id) VALUES ('RC-5', 7);
INSERT INTO cars_models (name, brand_id) VALUES ('RS-3', 7);
INSERT INTO cars_models (name, brand_id) VALUES ('RS-5', 7);
INSERT INTO cars_models (name, brand_id) VALUES ('Yep', 7);
INSERT INTO cars_models (name, brand_id) VALUES ('Yep Plus', 7);
INSERT INTO cars_models (name, brand_id) VALUES ('Yunduo', 7);
INSERT INTO cars_models (name, brand_id) VALUES ('1989', 8);
INSERT INTO cars_models (name, brand_id) VALUES ('2018', 8);
INSERT INTO cars_models (name, brand_id) VALUES ('212', 9);
INSERT INTO cars_models (name, brand_id) VALUES ('Ace M7', 9);
INSERT INTO cars_models (name, brand_id) VALUES ('Calorie F7', 9);
INSERT INTO cars_models (name, brand_id) VALUES ('Yuanbao', 9);
INSERT INTO cars_models (name, brand_id) VALUES ('X50', 10);
INSERT INTO cars_models (name, brand_id) VALUES ('X70', 10);
INSERT INTO cars_models (name, brand_id) VALUES ('Arnage', 11);
INSERT INTO cars_models (name, brand_id) VALUES ('Azure', 11);
INSERT INTO cars_models (name, brand_id) VALUES ('Bentayga', 11);
INSERT INTO cars_models (name, brand_id) VALUES ('Brooklands', 11);
INSERT INTO cars_models (name, brand_id) VALUES ('Continental', 11);
INSERT INTO cars_models (name, brand_id) VALUES ('Continental Flying Spur', 11);
INSERT INTO cars_models (name, brand_id) VALUES ('Continental GT', 11);
INSERT INTO cars_models (name, brand_id) VALUES ('Eight', 11);
INSERT INTO cars_models (name, brand_id) VALUES ('Flying Spur', 11);
INSERT INTO cars_models (name, brand_id) VALUES ('Mark VI', 11);
INSERT INTO cars_models (name, brand_id) VALUES ('Mulliner Bacalar', 11);
INSERT INTO cars_models (name, brand_id) VALUES ('Mulliner Batur', 11);
INSERT INTO cars_models (name, brand_id) VALUES ('Mulsanne', 11);
INSERT INTO cars_models (name, brand_id) VALUES ('R Type', 11);
INSERT INTO cars_models (name, brand_id) VALUES ('S', 11);
INSERT INTO cars_models (name, brand_id) VALUES ('T-Series', 11);
INSERT INTO cars_models (name, brand_id) VALUES ('Turbo R', 11);
INSERT INTO cars_models (name, brand_id) VALUES ('Vintage', 12);
INSERT INTO cars_models (name, brand_id) VALUES ('evA-4', 13);
INSERT INTO cars_models (name, brand_id) VALUES ('02 (E10)', 14);
INSERT INTO cars_models (name, brand_id) VALUES ('1 серии', 14);
INSERT INTO cars_models (name, brand_id) VALUES ('1M', 14);
INSERT INTO cars_models (name, brand_id) VALUES ('2 серии', 14);
INSERT INTO cars_models (name, brand_id) VALUES ('2 серии Active Tourer', 14);
INSERT INTO cars_models (name, brand_id) VALUES ('2 серии Gran Tourer', 14);
INSERT INTO cars_models (name, brand_id) VALUES ('3 серии', 14);
INSERT INTO cars_models (name, brand_id) VALUES ('3/15', 14);
INSERT INTO cars_models (name, brand_id) VALUES ('315', 14);
INSERT INTO cars_models (name, brand_id) VALUES ('3200', 14);
INSERT INTO cars_models (name, brand_id) VALUES ('321', 14);
INSERT INTO cars_models (name, brand_id) VALUES ('326', 14);
INSERT INTO cars_models (name, brand_id) VALUES ('327', 14);
INSERT INTO cars_models (name, brand_id) VALUES ('340', 14);
INSERT INTO cars_models (name, brand_id) VALUES ('4 серии', 14);
INSERT INTO cars_models (name, brand_id) VALUES ('5 серии', 14);
INSERT INTO cars_models (name, brand_id) VALUES ('501', 14);
INSERT INTO cars_models (name, brand_id) VALUES ('502', 14);
INSERT INTO cars_models (name, brand_id) VALUES ('503', 14);
INSERT INTO cars_models (name, brand_id) VALUES ('507', 14);
INSERT INTO cars_models (name, brand_id) VALUES ('6 серии', 14);
INSERT INTO cars_models (name, brand_id) VALUES ('600', 14);
INSERT INTO cars_models (name, brand_id) VALUES ('7 серии', 14);
INSERT INTO cars_models (name, brand_id) VALUES ('700', 14);
INSERT INTO cars_models (name, brand_id) VALUES ('8 серии', 14);
INSERT INTO cars_models (name, brand_id) VALUES ('E3', 14);
INSERT INTO cars_models (name, brand_id) VALUES ('E9', 14);
INSERT INTO cars_models (name, brand_id) VALUES ('i3', 14);
INSERT INTO cars_models (name, brand_id) VALUES ('i4', 14);
INSERT INTO cars_models (name, brand_id) VALUES ('i5', 14);
INSERT INTO cars_models (name, brand_id) VALUES ('i7', 14);
INSERT INTO cars_models (name, brand_id) VALUES ('i8', 14);
INSERT INTO cars_models (name, brand_id) VALUES ('iX', 14);
INSERT INTO cars_models (name, brand_id) VALUES ('iX1', 14);
INSERT INTO cars_models (name, brand_id) VALUES ('iX2', 14);
INSERT INTO cars_models (name, brand_id) VALUES ('iX3', 14);
INSERT INTO cars_models (name, brand_id) VALUES ('M1', 14);
INSERT INTO cars_models (name, brand_id) VALUES ('M2', 14);
INSERT INTO cars_models (name, brand_id) VALUES ('M3', 14);
INSERT INTO cars_models (name, brand_id) VALUES ('M4', 14);
INSERT INTO cars_models (name, brand_id) VALUES ('M5', 14);
INSERT INTO cars_models (name, brand_id) VALUES ('M6', 14);
INSERT INTO cars_models (name, brand_id) VALUES ('M8', 14);
INSERT INTO cars_models (name, brand_id) VALUES ('New Class', 14);
INSERT INTO cars_models (name, brand_id) VALUES ('X1', 14);
INSERT INTO cars_models (name, brand_id) VALUES ('X2', 14);
INSERT INTO cars_models (name, brand_id) VALUES ('X3', 14);
INSERT INTO cars_models (name, brand_id) VALUES ('X3 M', 14);
INSERT INTO cars_models (name, brand_id) VALUES ('X4', 14);
INSERT INTO cars_models (name, brand_id) VALUES ('X4 M', 14);
INSERT INTO cars_models (name, brand_id) VALUES ('X5', 14);
INSERT INTO cars_models (name, brand_id) VALUES ('X5 M', 14);
INSERT INTO cars_models (name, brand_id) VALUES ('X6', 14);
INSERT INTO cars_models (name, brand_id) VALUES ('X6 M', 14);
INSERT INTO cars_models (name, brand_id) VALUES ('X7', 14);
INSERT INTO cars_models (name, brand_id) VALUES ('XM', 14);
INSERT INTO cars_models (name, brand_id) VALUES ('Z1', 14);
INSERT INTO cars_models (name, brand_id) VALUES ('Z3', 14);
INSERT INTO cars_models (name, brand_id) VALUES ('Z3 M', 14);
INSERT INTO cars_models (name, brand_id) VALUES ('Z4', 14);
INSERT INTO cars_models (name, brand_id) VALUES ('Z4 M', 14);
INSERT INTO cars_models (name, brand_id) VALUES ('Z8', 14);
INSERT INTO cars_models (name, brand_id) VALUES ('2000', 15);
INSERT INTO cars_models (name, brand_id) VALUES ('BX5', 15);
INSERT INTO cars_models (name, brand_id) VALUES ('Hansa 1100', 15);
INSERT INTO cars_models (name, brand_id) VALUES ('Chazor', 16);
INSERT INTO cars_models (name, brand_id) VALUES ('D1', 16);
INSERT INTO cars_models (name, brand_id) VALUES ('Destroyer 05', 16);
INSERT INTO cars_models (name, brand_id) VALUES ('Dolphin', 16);
INSERT INTO cars_models (name, brand_id) VALUES ('E1', 16);
INSERT INTO cars_models (name, brand_id) VALUES ('E2', 16);
INSERT INTO cars_models (name, brand_id) VALUES ('E3', 16);
INSERT INTO cars_models (name, brand_id) VALUES ('E5', 16);
INSERT INTO cars_models (name, brand_id) VALUES ('E6', 16);
INSERT INTO cars_models (name, brand_id) VALUES ('E9', 16);
INSERT INTO cars_models (name, brand_id) VALUES ('F0', 16);
INSERT INTO cars_models (name, brand_id) VALUES ('F3', 16);
INSERT INTO cars_models (name, brand_id) VALUES ('F5', 16);
INSERT INTO cars_models (name, brand_id) VALUES ('F6', 16);
INSERT INTO cars_models (name, brand_id) VALUES ('F8 (S8)', 16);
INSERT INTO cars_models (name, brand_id) VALUES ('FangChengBao Leopard 3', 16);
INSERT INTO cars_models (name, brand_id) VALUES ('FangChengBao Leopard 5', 16);
INSERT INTO cars_models (name, brand_id) VALUES ('FangChengBao Leopard 8', 16);
INSERT INTO cars_models (name, brand_id) VALUES ('Flyer', 16);
INSERT INTO cars_models (name, brand_id) VALUES ('Frigate 07', 16);
INSERT INTO cars_models (name, brand_id) VALUES ('G3', 16);
INSERT INTO cars_models (name, brand_id) VALUES ('G6', 16);
INSERT INTO cars_models (name, brand_id) VALUES ('Han', 16);
INSERT INTO cars_models (name, brand_id) VALUES ('L3', 16);
INSERT INTO cars_models (name, brand_id) VALUES ('M6', 16);
INSERT INTO cars_models (name, brand_id) VALUES ('Qin', 16);
INSERT INTO cars_models (name, brand_id) VALUES ('S6', 16);
INSERT INTO cars_models (name, brand_id) VALUES ('Sea Lion 07', 16);
INSERT INTO cars_models (name, brand_id) VALUES ('Seagull', 16);
INSERT INTO cars_models (name, brand_id) VALUES ('Seal', 16);
INSERT INTO cars_models (name, brand_id) VALUES ('Seal 06', 16);
INSERT INTO cars_models (name, brand_id) VALUES ('Seal 07', 16);
INSERT INTO cars_models (name, brand_id) VALUES ('Shark', 16);
INSERT INTO cars_models (name, brand_id) VALUES ('Song EV', 16);
INSERT INTO cars_models (name, brand_id) VALUES ('Song L', 16);
INSERT INTO cars_models (name, brand_id) VALUES ('Song Max', 16);
INSERT INTO cars_models (name, brand_id) VALUES ('Song Plus', 16);
INSERT INTO cars_models (name, brand_id) VALUES ('Song Pro', 16);
INSERT INTO cars_models (name, brand_id) VALUES ('Tang', 16);
INSERT INTO cars_models (name, brand_id) VALUES ('Yangwang U8', 16);
INSERT INTO cars_models (name, brand_id) VALUES ('Yangwang U9', 16);
INSERT INTO cars_models (name, brand_id) VALUES ('Yuan', 16);
INSERT INTO cars_models (name, brand_id) VALUES ('Yuan Plus', 16);
INSERT INTO cars_models (name, brand_id) VALUES ('Yuan Up', 16);
INSERT INTO cars_models (name, brand_id) VALUES ('BD132J (CoCo)', 17);
INSERT INTO cars_models (name, brand_id) VALUES ('BD326J (Moca)', 17);
INSERT INTO cars_models (name, brand_id) VALUES ('Allante', 18);
INSERT INTO cars_models (name, brand_id) VALUES ('ATS', 18);
INSERT INTO cars_models (name, brand_id) VALUES ('ATS-V', 18);
INSERT INTO cars_models (name, brand_id) VALUES ('BLS', 18);
INSERT INTO cars_models (name, brand_id) VALUES ('Brougham', 18);
INSERT INTO cars_models (name, brand_id) VALUES ('Catera', 18);
INSERT INTO cars_models (name, brand_id) VALUES ('Celestiq', 18);
INSERT INTO cars_models (name, brand_id) VALUES ('CT4', 18);
INSERT INTO cars_models (name, brand_id) VALUES ('CT4-V', 18);
INSERT INTO cars_models (name, brand_id) VALUES ('CT5', 18);
INSERT INTO cars_models (name, brand_id) VALUES ('CT5-V', 18);
INSERT INTO cars_models (name, brand_id) VALUES ('CT6', 18);
INSERT INTO cars_models (name, brand_id) VALUES ('CTS', 18);
INSERT INTO cars_models (name, brand_id) VALUES ('CTS-V', 18);
INSERT INTO cars_models (name, brand_id) VALUES ('DeVille', 18);
INSERT INTO cars_models (name, brand_id) VALUES ('DTS', 18);
INSERT INTO cars_models (name, brand_id) VALUES ('Eldorado', 18);
INSERT INTO cars_models (name, brand_id) VALUES ('ELR', 18);
INSERT INTO cars_models (name, brand_id) VALUES ('Escalade', 18);
INSERT INTO cars_models (name, brand_id) VALUES ('Escalade iQ', 18);
INSERT INTO cars_models (name, brand_id) VALUES ('Escalade-V', 18);
INSERT INTO cars_models (name, brand_id) VALUES ('Fleetwood', 18);
INSERT INTO cars_models (name, brand_id) VALUES ('GT4', 18);
INSERT INTO cars_models (name, brand_id) VALUES ('LSE', 18);
INSERT INTO cars_models (name, brand_id) VALUES ('Lyriq', 18);
INSERT INTO cars_models (name, brand_id) VALUES ('Model 30', 18);
INSERT INTO cars_models (name, brand_id) VALUES ('Optiq', 18);
INSERT INTO cars_models (name, brand_id) VALUES ('Series 314', 18);
INSERT INTO cars_models (name, brand_id) VALUES ('Series 341', 18);
INSERT INTO cars_models (name, brand_id) VALUES ('Series 62', 18);
INSERT INTO cars_models (name, brand_id) VALUES ('Seville', 18);
INSERT INTO cars_models (name, brand_id) VALUES ('Sixty Special', 18);
INSERT INTO cars_models (name, brand_id) VALUES ('SRX', 18);
INSERT INTO cars_models (name, brand_id) VALUES ('STS', 18);
INSERT INTO cars_models (name, brand_id) VALUES ('XLR', 18);
INSERT INTO cars_models (name, brand_id) VALUES ('XT4', 18);
INSERT INTO cars_models (name, brand_id) VALUES ('XT5', 18);
INSERT INTO cars_models (name, brand_id) VALUES ('XT6', 18);
INSERT INTO cars_models (name, brand_id) VALUES ('XTS', 18);
INSERT INTO cars_models (name, brand_id) VALUES ('LX', 19);
INSERT INTO cars_models (name, brand_id) VALUES ('RX', 19);
INSERT INTO cars_models (name, brand_id) VALUES ('Sterra ES', 19);
INSERT INTO cars_models (name, brand_id) VALUES ('Sterra ET', 19);
INSERT INTO cars_models (name, brand_id) VALUES ('TX', 19);
INSERT INTO cars_models (name, brand_id) VALUES ('TXL', 19);
INSERT INTO cars_models (name, brand_id) VALUES ('VX', 19);
INSERT INTO cars_models (name, brand_id) VALUES ('Yaoguang', 19);
INSERT INTO cars_models (name, brand_id) VALUES ('3000-Series', 20);
INSERT INTO cars_models (name, brand_id) VALUES ('Alero', 20);
INSERT INTO cars_models (name, brand_id) VALUES ('Apache', 20);
INSERT INTO cars_models (name, brand_id) VALUES ('Astra', 20);
INSERT INTO cars_models (name, brand_id) VALUES ('Astro', 20);
INSERT INTO cars_models (name, brand_id) VALUES ('Avalanche', 20);
INSERT INTO cars_models (name, brand_id) VALUES ('Aveo', 20);
INSERT INTO cars_models (name, brand_id) VALUES ('Bel Air', 20);
INSERT INTO cars_models (name, brand_id) VALUES ('Beretta', 20);
INSERT INTO cars_models (name, brand_id) VALUES ('Blazer', 20);
INSERT INTO cars_models (name, brand_id) VALUES ('Blazer K5', 20);
INSERT INTO cars_models (name, brand_id) VALUES ('Bolt', 20);
INSERT INTO cars_models (name, brand_id) VALUES ('Bolt EUV', 20);
INSERT INTO cars_models (name, brand_id) VALUES ('C-10', 20);
INSERT INTO cars_models (name, brand_id) VALUES ('C/K', 20);
INSERT INTO cars_models (name, brand_id) VALUES ('Camaro', 20);
INSERT INTO cars_models (name, brand_id) VALUES ('Caprice', 20);
INSERT INTO cars_models (name, brand_id) VALUES ('Captiva', 20);
INSERT INTO cars_models (name, brand_id) VALUES ('Captiva Sport', 20);
INSERT INTO cars_models (name, brand_id) VALUES ('Cavalier', 20);
INSERT INTO cars_models (name, brand_id) VALUES ('Celebrity', 20);
INSERT INTO cars_models (name, brand_id) VALUES ('Celta', 20);
INSERT INTO cars_models (name, brand_id) VALUES ('Chevelle', 20);
INSERT INTO cars_models (name, brand_id) VALUES ('Chevette', 20);
INSERT INTO cars_models (name, brand_id) VALUES ('Citation', 20);
INSERT INTO cars_models (name, brand_id) VALUES ('Cobalt', 20);
INSERT INTO cars_models (name, brand_id) VALUES ('Colorado', 20);
INSERT INTO cars_models (name, brand_id) VALUES ('Corsa', 20);
INSERT INTO cars_models (name, brand_id) VALUES ('Corsica', 20);
INSERT INTO cars_models (name, brand_id) VALUES ('Corvair', 20);
INSERT INTO cars_models (name, brand_id) VALUES ('Corvette', 20);
INSERT INTO cars_models (name, brand_id) VALUES ('Cruze', 20);
INSERT INTO cars_models (name, brand_id) VALUES ('Cruze (HR)', 20);
INSERT INTO cars_models (name, brand_id) VALUES ('CSV CR8', 20);
INSERT INTO cars_models (name, brand_id) VALUES ('Damas', 20);
INSERT INTO cars_models (name, brand_id) VALUES ('Deluxe', 20);
INSERT INTO cars_models (name, brand_id) VALUES ('El Camino', 20);
INSERT INTO cars_models (name, brand_id) VALUES ('Epica', 20);
INSERT INTO cars_models (name, brand_id) VALUES ('Equinox', 20);
INSERT INTO cars_models (name, brand_id) VALUES ('Evanda', 20);
INSERT INTO cars_models (name, brand_id) VALUES ('Express', 20);
INSERT INTO cars_models (name, brand_id) VALUES ('Fleetmaster', 20);
INSERT INTO cars_models (name, brand_id) VALUES ('Groove', 20);
INSERT INTO cars_models (name, brand_id) VALUES ('HHR', 20);
INSERT INTO cars_models (name, brand_id) VALUES ('Impala', 20);
INSERT INTO cars_models (name, brand_id) VALUES ('Kalos', 20);
INSERT INTO cars_models (name, brand_id) VALUES ('Lacetti', 20);
INSERT INTO cars_models (name, brand_id) VALUES ('Lanos', 20);
INSERT INTO cars_models (name, brand_id) VALUES ('Lumina', 20);
INSERT INTO cars_models (name, brand_id) VALUES ('Lumina APV', 20);
INSERT INTO cars_models (name, brand_id) VALUES ('LUV D-MAX', 20);
INSERT INTO cars_models (name, brand_id) VALUES ('Malibu', 20);
INSERT INTO cars_models (name, brand_id) VALUES ('Master', 20);
INSERT INTO cars_models (name, brand_id) VALUES ('Matiz', 20);
INSERT INTO cars_models (name, brand_id) VALUES ('Menlo', 20);
INSERT INTO cars_models (name, brand_id) VALUES ('Metro', 20);
INSERT INTO cars_models (name, brand_id) VALUES ('Monte Carlo', 20);
INSERT INTO cars_models (name, brand_id) VALUES ('Monza', 20);
INSERT INTO cars_models (name, brand_id) VALUES ('MW', 20);
INSERT INTO cars_models (name, brand_id) VALUES ('Nexia', 20);
INSERT INTO cars_models (name, brand_id) VALUES ('Niva', 20);
INSERT INTO cars_models (name, brand_id) VALUES ('Nova', 20);
INSERT INTO cars_models (name, brand_id) VALUES ('Nubira', 20);
INSERT INTO cars_models (name, brand_id) VALUES ('Omega', 20);
INSERT INTO cars_models (name, brand_id) VALUES ('Onix', 20);
INSERT INTO cars_models (name, brand_id) VALUES ('Orlando', 20);
INSERT INTO cars_models (name, brand_id) VALUES ('Prizm', 20);
INSERT INTO cars_models (name, brand_id) VALUES ('Rezzo', 20);
INSERT INTO cars_models (name, brand_id) VALUES ('S-10 Pickup', 20);
INSERT INTO cars_models (name, brand_id) VALUES ('Sail', 20);
INSERT INTO cars_models (name, brand_id) VALUES ('Seeker', 20);
INSERT INTO cars_models (name, brand_id) VALUES ('Silverado', 20);
INSERT INTO cars_models (name, brand_id) VALUES ('Sonic', 20);
INSERT INTO cars_models (name, brand_id) VALUES ('Spark', 20);
INSERT INTO cars_models (name, brand_id) VALUES ('Special DeLuxe', 20);
INSERT INTO cars_models (name, brand_id) VALUES ('Spin', 20);
INSERT INTO cars_models (name, brand_id) VALUES ('SS', 20);
INSERT INTO cars_models (name, brand_id) VALUES ('SSR', 20);
INSERT INTO cars_models (name, brand_id) VALUES ('Standard', 20);
INSERT INTO cars_models (name, brand_id) VALUES ('Starcraft', 20);
INSERT INTO cars_models (name, brand_id) VALUES ('Suburban', 20);
INSERT INTO cars_models (name, brand_id) VALUES ('Tacuma', 20);
INSERT INTO cars_models (name, brand_id) VALUES ('Tahoe', 20);
INSERT INTO cars_models (name, brand_id) VALUES ('Tavera', 20);
INSERT INTO cars_models (name, brand_id) VALUES ('Tracker', 20);
INSERT INTO cars_models (name, brand_id) VALUES ('TrailBlazer', 20);
INSERT INTO cars_models (name, brand_id) VALUES ('Trans Sport', 20);
INSERT INTO cars_models (name, brand_id) VALUES ('Traverse', 20);
INSERT INTO cars_models (name, brand_id) VALUES ('Trax', 20);
INSERT INTO cars_models (name, brand_id) VALUES ('Uplander', 20);
INSERT INTO cars_models (name, brand_id) VALUES ('Van', 20);
INSERT INTO cars_models (name, brand_id) VALUES ('Vectra', 20);
INSERT INTO cars_models (name, brand_id) VALUES ('Venture', 20);
INSERT INTO cars_models (name, brand_id) VALUES ('Viva', 20);
INSERT INTO cars_models (name, brand_id) VALUES ('Volt', 20);
INSERT INTO cars_models (name, brand_id) VALUES ('Zafira', 20);
INSERT INTO cars_models (name, brand_id) VALUES ('180', 21);
INSERT INTO cars_models (name, brand_id) VALUES ('200', 21);
INSERT INTO cars_models (name, brand_id) VALUES ('300', 21);
INSERT INTO cars_models (name, brand_id) VALUES ('300 Letter Series', 21);
INSERT INTO cars_models (name, brand_id) VALUES ('300C', 21);
INSERT INTO cars_models (name, brand_id) VALUES ('300M', 21);
INSERT INTO cars_models (name, brand_id) VALUES ('Aspen', 21);
INSERT INTO cars_models (name, brand_id) VALUES ('Cirrus', 21);
INSERT INTO cars_models (name, brand_id) VALUES ('Concorde', 21);
INSERT INTO cars_models (name, brand_id) VALUES ('Cordoba', 21);
INSERT INTO cars_models (name, brand_id) VALUES ('Crossfire', 21);
INSERT INTO cars_models (name, brand_id) VALUES ('Daytona', 21);
INSERT INTO cars_models (name, brand_id) VALUES ('Dynasty', 21);
INSERT INTO cars_models (name, brand_id) VALUES ('ES', 21);
INSERT INTO cars_models (name, brand_id) VALUES ('Fifth Avenue', 21);
INSERT INTO cars_models (name, brand_id) VALUES ('Imperial', 21);
INSERT INTO cars_models (name, brand_id) VALUES ('Imperial Crown', 21);
INSERT INTO cars_models (name, brand_id) VALUES ('Intrepid', 21);
INSERT INTO cars_models (name, brand_id) VALUES ('LeBaron', 21);
INSERT INTO cars_models (name, brand_id) VALUES ('LHS', 21);
INSERT INTO cars_models (name, brand_id) VALUES ('Nassau', 21);
INSERT INTO cars_models (name, brand_id) VALUES ('Neon', 21);
INSERT INTO cars_models (name, brand_id) VALUES ('New Yorker', 21);
INSERT INTO cars_models (name, brand_id) VALUES ('Newport', 21);
INSERT INTO cars_models (name, brand_id) VALUES ('Pacifica', 21);
INSERT INTO cars_models (name, brand_id) VALUES ('Prowler', 21);
INSERT INTO cars_models (name, brand_id) VALUES ('PT Cruiser', 21);
INSERT INTO cars_models (name, brand_id) VALUES ('Saratoga', 21);
INSERT INTO cars_models (name, brand_id) VALUES ('Sebring', 21);
INSERT INTO cars_models (name, brand_id) VALUES ('Six', 21);
INSERT INTO cars_models (name, brand_id) VALUES ('Stratus', 21);
INSERT INTO cars_models (name, brand_id) VALUES ('TC by Maserati', 21);
INSERT INTO cars_models (name, brand_id) VALUES ('Town & Country', 21);
INSERT INTO cars_models (name, brand_id) VALUES ('Viper', 21);
INSERT INTO cars_models (name, brand_id) VALUES ('Vision', 21);
INSERT INTO cars_models (name, brand_id) VALUES ('Voyager', 21);
INSERT INTO cars_models (name, brand_id) VALUES ('Windsor', 21);
INSERT INTO cars_models (name, brand_id) VALUES ('1300', 22);
INSERT INTO cars_models (name, brand_id) VALUES ('1310', 22);
INSERT INTO cars_models (name, brand_id) VALUES ('1410', 22);
INSERT INTO cars_models (name, brand_id) VALUES ('Dokker', 22);
INSERT INTO cars_models (name, brand_id) VALUES ('Duster', 22);
INSERT INTO cars_models (name, brand_id) VALUES ('Jogger', 22);
INSERT INTO cars_models (name, brand_id) VALUES ('Lodgy', 22);
INSERT INTO cars_models (name, brand_id) VALUES ('Logan', 22);
INSERT INTO cars_models (name, brand_id) VALUES ('Nova', 22);
INSERT INTO cars_models (name, brand_id) VALUES ('Pick-Up', 22);
INSERT INTO cars_models (name, brand_id) VALUES ('Sandero', 22);
INSERT INTO cars_models (name, brand_id) VALUES ('Solenza', 22);
INSERT INTO cars_models (name, brand_id) VALUES ('Spring', 22);
INSERT INTO cars_models (name, brand_id) VALUES ('SuperNova', 22);
INSERT INTO cars_models (name, brand_id) VALUES ('H3', 23);
INSERT INTO cars_models (name, brand_id) VALUES ('H5', 23);
INSERT INTO cars_models (name, brand_id) VALUES ('Premier', 24);
INSERT INTO cars_models (name, brand_id) VALUES ('Summit', 24);
INSERT INTO cars_models (name, brand_id) VALUES ('Talon', 24);
INSERT INTO cars_models (name, brand_id) VALUES ('Vision', 24);
INSERT INTO cars_models (name, brand_id) VALUES ('Vista', 24);
INSERT INTO cars_models (name, brand_id) VALUES ('Ё-Кроссовер', 25);
INSERT INTO cars_models (name, brand_id) VALUES ('FV', 26);
INSERT INTO cars_models (name, brand_id) VALUES ('Bestune B70', 27);
INSERT INTO cars_models (name, brand_id) VALUES ('Bestune B70S', 27);
INSERT INTO cars_models (name, brand_id) VALUES ('Bestune M9', 27);
INSERT INTO cars_models (name, brand_id) VALUES ('Bestune NAT', 27);
INSERT INTO cars_models (name, brand_id) VALUES ('Bestune T55', 27);
INSERT INTO cars_models (name, brand_id) VALUES ('Bestune T77', 27);
INSERT INTO cars_models (name, brand_id) VALUES ('Bestune T90', 27);
INSERT INTO cars_models (name, brand_id) VALUES ('Bestune T99', 27);
INSERT INTO cars_models (name, brand_id) VALUES ('Besturn B30', 27);
INSERT INTO cars_models (name, brand_id) VALUES ('Besturn B50', 27);
INSERT INTO cars_models (name, brand_id) VALUES ('Besturn B70', 27);
INSERT INTO cars_models (name, brand_id) VALUES ('Besturn X40', 27);
INSERT INTO cars_models (name, brand_id) VALUES ('Besturn X80', 27);
INSERT INTO cars_models (name, brand_id) VALUES ('D60', 27);
INSERT INTO cars_models (name, brand_id) VALUES ('Jinn', 27);
INSERT INTO cars_models (name, brand_id) VALUES ('Oley', 27);
INSERT INTO cars_models (name, brand_id) VALUES ('V2', 27);
INSERT INTO cars_models (name, brand_id) VALUES ('V5', 27);
INSERT INTO cars_models (name, brand_id) VALUES ('Vita', 27);
INSERT INTO cars_models (name, brand_id) VALUES ('12Cilindri', 28);
INSERT INTO cars_models (name, brand_id) VALUES ('208/308', 28);
INSERT INTO cars_models (name, brand_id) VALUES ('250 GTO', 28);
INSERT INTO cars_models (name, brand_id) VALUES ('288 GTO', 28);
INSERT INTO cars_models (name, brand_id) VALUES ('296', 28);
INSERT INTO cars_models (name, brand_id) VALUES ('328', 28);
INSERT INTO cars_models (name, brand_id) VALUES ('348', 28);
INSERT INTO cars_models (name, brand_id) VALUES ('360', 28);
INSERT INTO cars_models (name, brand_id) VALUES ('400', 28);
INSERT INTO cars_models (name, brand_id) VALUES ('412', 28);
INSERT INTO cars_models (name, brand_id) VALUES ('456', 28);
INSERT INTO cars_models (name, brand_id) VALUES ('458', 28);
INSERT INTO cars_models (name, brand_id) VALUES ('488', 28);
INSERT INTO cars_models (name, brand_id) VALUES ('512 BB', 28);
INSERT INTO cars_models (name, brand_id) VALUES ('512 M', 28);
INSERT INTO cars_models (name, brand_id) VALUES ('512 TR', 28);
INSERT INTO cars_models (name, brand_id) VALUES ('550', 28);
INSERT INTO cars_models (name, brand_id) VALUES ('575M', 28);
INSERT INTO cars_models (name, brand_id) VALUES ('599', 28);
INSERT INTO cars_models (name, brand_id) VALUES ('612', 28);
INSERT INTO cars_models (name, brand_id) VALUES ('812', 28);
INSERT INTO cars_models (name, brand_id) VALUES ('California', 28);
INSERT INTO cars_models (name, brand_id) VALUES ('Daytona SP3', 28);
INSERT INTO cars_models (name, brand_id) VALUES ('Dino 206 GT', 28);
INSERT INTO cars_models (name, brand_id) VALUES ('Dino 208/308 GT4', 28);
INSERT INTO cars_models (name, brand_id) VALUES ('Dino 246 GT', 28);
INSERT INTO cars_models (name, brand_id) VALUES ('Enzo', 28);
INSERT INTO cars_models (name, brand_id) VALUES ('F12', 28);
INSERT INTO cars_models (name, brand_id) VALUES ('F355', 28);
INSERT INTO cars_models (name, brand_id) VALUES ('F40', 28);
INSERT INTO cars_models (name, brand_id) VALUES ('F430', 28);
INSERT INTO cars_models (name, brand_id) VALUES ('F50', 28);
INSERT INTO cars_models (name, brand_id) VALUES ('F8', 28);
INSERT INTO cars_models (name, brand_id) VALUES ('FF', 28);
INSERT INTO cars_models (name, brand_id) VALUES ('FXX K', 28);
INSERT INTO cars_models (name, brand_id) VALUES ('GTC4Lusso', 28);
INSERT INTO cars_models (name, brand_id) VALUES ('LaFerrari', 28);
INSERT INTO cars_models (name, brand_id) VALUES ('Mondial', 28);
INSERT INTO cars_models (name, brand_id) VALUES ('Monza SP', 28);
INSERT INTO cars_models (name, brand_id) VALUES ('Portofino', 28);
INSERT INTO cars_models (name, brand_id) VALUES ('Purosangue', 28);
INSERT INTO cars_models (name, brand_id) VALUES ('Roma', 28);
INSERT INTO cars_models (name, brand_id) VALUES ('SF90', 28);
INSERT INTO cars_models (name, brand_id) VALUES ('Testarossa', 28);
INSERT INTO cars_models (name, brand_id) VALUES ('Aerostar', 29);
INSERT INTO cars_models (name, brand_id) VALUES ('Anglia', 29);
INSERT INTO cars_models (name, brand_id) VALUES ('Aspire', 29);
INSERT INTO cars_models (name, brand_id) VALUES ('B-MAX', 29);
INSERT INTO cars_models (name, brand_id) VALUES ('Bronco', 29);
INSERT INTO cars_models (name, brand_id) VALUES ('Bronco Sport', 29);
INSERT INTO cars_models (name, brand_id) VALUES ('Bronco-II', 29);
INSERT INTO cars_models (name, brand_id) VALUES ('C-MAX', 29);
INSERT INTO cars_models (name, brand_id) VALUES ('Capri', 29);
INSERT INTO cars_models (name, brand_id) VALUES ('Consul', 29);
INSERT INTO cars_models (name, brand_id) VALUES ('Contour', 29);
INSERT INTO cars_models (name, brand_id) VALUES ('Cortina', 29);
INSERT INTO cars_models (name, brand_id) VALUES ('Cougar', 29);
INSERT INTO cars_models (name, brand_id) VALUES ('Country Squire', 29);
INSERT INTO cars_models (name, brand_id) VALUES ('Crown Victoria', 29);
INSERT INTO cars_models (name, brand_id) VALUES ('Custom', 29);
INSERT INTO cars_models (name, brand_id) VALUES ('Econoline', 29);
INSERT INTO cars_models (name, brand_id) VALUES ('Econovan', 29);
INSERT INTO cars_models (name, brand_id) VALUES ('EcoSport', 29);
INSERT INTO cars_models (name, brand_id) VALUES ('Edge', 29);
INSERT INTO cars_models (name, brand_id) VALUES ('Equator', 29);
INSERT INTO cars_models (name, brand_id) VALUES ('Equator Sport', 29);
INSERT INTO cars_models (name, brand_id) VALUES ('Escape', 29);
INSERT INTO cars_models (name, brand_id) VALUES ('Escort', 29);
INSERT INTO cars_models (name, brand_id) VALUES ('Escort (North America)', 29);
INSERT INTO cars_models (name, brand_id) VALUES ('Everest', 29);
INSERT INTO cars_models (name, brand_id) VALUES ('Evos', 29);
INSERT INTO cars_models (name, brand_id) VALUES ('Excursion', 29);
INSERT INTO cars_models (name, brand_id) VALUES ('Expedition', 29);
INSERT INTO cars_models (name, brand_id) VALUES ('Explorer', 29);
INSERT INTO cars_models (name, brand_id) VALUES ('Explorer Sport Trac', 29);
INSERT INTO cars_models (name, brand_id) VALUES ('F-150', 29);
INSERT INTO cars_models (name, brand_id) VALUES ('F-2', 29);
INSERT INTO cars_models (name, brand_id) VALUES ('Fairlane', 29);
INSERT INTO cars_models (name, brand_id) VALUES ('Fairmont', 29);
INSERT INTO cars_models (name, brand_id) VALUES ('Falcon', 29);
INSERT INTO cars_models (name, brand_id) VALUES ('Festiva', 29);
INSERT INTO cars_models (name, brand_id) VALUES ('Fiesta', 29);
INSERT INTO cars_models (name, brand_id) VALUES ('Fiesta ST', 29);
INSERT INTO cars_models (name, brand_id) VALUES ('Figo', 29);
INSERT INTO cars_models (name, brand_id) VALUES ('Five Hundred', 29);
INSERT INTO cars_models (name, brand_id) VALUES ('Flex', 29);
INSERT INTO cars_models (name, brand_id) VALUES ('Focus', 29);
INSERT INTO cars_models (name, brand_id) VALUES ('Focus RS', 29);
INSERT INTO cars_models (name, brand_id) VALUES ('Focus ST', 29);
INSERT INTO cars_models (name, brand_id) VALUES ('Freda', 29);
INSERT INTO cars_models (name, brand_id) VALUES ('Freestar', 29);
INSERT INTO cars_models (name, brand_id) VALUES ('Freestyle', 29);
INSERT INTO cars_models (name, brand_id) VALUES ('Fusion', 29);
INSERT INTO cars_models (name, brand_id) VALUES ('Fusion (North America)', 29);
INSERT INTO cars_models (name, brand_id) VALUES ('Galaxie', 29);
INSERT INTO cars_models (name, brand_id) VALUES ('Galaxy', 29);
INSERT INTO cars_models (name, brand_id) VALUES ('GPA', 29);
INSERT INTO cars_models (name, brand_id) VALUES ('Granada', 29);
INSERT INTO cars_models (name, brand_id) VALUES ('Granada (North America)', 29);
INSERT INTO cars_models (name, brand_id) VALUES ('GT', 29);
INSERT INTO cars_models (name, brand_id) VALUES ('GT40', 29);
INSERT INTO cars_models (name, brand_id) VALUES ('Ikon', 29);
INSERT INTO cars_models (name, brand_id) VALUES ('Ixion', 29);
INSERT INTO cars_models (name, brand_id) VALUES ('KA', 29);
INSERT INTO cars_models (name, brand_id) VALUES ('Kuga', 29);
INSERT INTO cars_models (name, brand_id) VALUES ('Laser', 29);
INSERT INTO cars_models (name, brand_id) VALUES ('LTD', 29);
INSERT INTO cars_models (name, brand_id) VALUES ('LTD Country Squire', 29);
INSERT INTO cars_models (name, brand_id) VALUES ('LTD Crown Victoria', 29);
INSERT INTO cars_models (name, brand_id) VALUES ('M151', 29);
INSERT INTO cars_models (name, brand_id) VALUES ('Mainline', 29);
INSERT INTO cars_models (name, brand_id) VALUES ('Maverick', 29);
INSERT INTO cars_models (name, brand_id) VALUES ('Model A', 29);
INSERT INTO cars_models (name, brand_id) VALUES ('Model T', 29);
INSERT INTO cars_models (name, brand_id) VALUES ('Mondeo', 29);
INSERT INTO cars_models (name, brand_id) VALUES ('Mondeo ST', 29);
INSERT INTO cars_models (name, brand_id) VALUES ('Mustang', 29);
INSERT INTO cars_models (name, brand_id) VALUES ('Mustang Mach-E', 29);
INSERT INTO cars_models (name, brand_id) VALUES ('Orion', 29);
INSERT INTO cars_models (name, brand_id) VALUES ('Probe', 29);
INSERT INTO cars_models (name, brand_id) VALUES ('Puma', 29);
INSERT INTO cars_models (name, brand_id) VALUES ('Puma ST', 29);
INSERT INTO cars_models (name, brand_id) VALUES ('Ranchero', 29);
INSERT INTO cars_models (name, brand_id) VALUES ('Ranger', 29);
INSERT INTO cars_models (name, brand_id) VALUES ('Ranger (North America)', 29);
INSERT INTO cars_models (name, brand_id) VALUES ('S-MAX', 29);
INSERT INTO cars_models (name, brand_id) VALUES ('Scorpio', 29);
INSERT INTO cars_models (name, brand_id) VALUES ('Sierra', 29);
INSERT INTO cars_models (name, brand_id) VALUES ('Spectron', 29);
INSERT INTO cars_models (name, brand_id) VALUES ('Taunus', 29);
INSERT INTO cars_models (name, brand_id) VALUES ('Taurus', 29);
INSERT INTO cars_models (name, brand_id) VALUES ('Taurus X', 29);
INSERT INTO cars_models (name, brand_id) VALUES ('Telstar', 29);
INSERT INTO cars_models (name, brand_id) VALUES ('Tempo', 29);
INSERT INTO cars_models (name, brand_id) VALUES ('Territory', 29);
INSERT INTO cars_models (name, brand_id) VALUES ('Thunderbird', 29);
INSERT INTO cars_models (name, brand_id) VALUES ('Torino', 29);
INSERT INTO cars_models (name, brand_id) VALUES ('Tourneo Connect', 29);
INSERT INTO cars_models (name, brand_id) VALUES ('Tourneo Courier', 29);
INSERT INTO cars_models (name, brand_id) VALUES ('Tourneo Custom', 29);
INSERT INTO cars_models (name, brand_id) VALUES ('Transit', 29);
INSERT INTO cars_models (name, brand_id) VALUES ('Transit Connect', 29);
INSERT INTO cars_models (name, brand_id) VALUES ('Transit Custom', 29);
INSERT INTO cars_models (name, brand_id) VALUES ('V8', 29);
INSERT INTO cars_models (name, brand_id) VALUES ('Windstar', 29);
INSERT INTO cars_models (name, brand_id) VALUES ('Zephyr', 29);
INSERT INTO cars_models (name, brand_id) VALUES ('CM7', 30);
INSERT INTO cars_models (name, brand_id) VALUES ('Lingzhi M5', 30);
INSERT INTO cars_models (name, brand_id) VALUES ('M7', 30);
INSERT INTO cars_models (name, brand_id) VALUES ('T5', 30);
INSERT INTO cars_models (name, brand_id) VALUES ('T5 EVO', 30);
INSERT INTO cars_models (name, brand_id) VALUES ('T5L', 30);
INSERT INTO cars_models (name, brand_id) VALUES ('Thunder', 30);
INSERT INTO cars_models (name, brand_id) VALUES ('Xinghai S7', 30);
INSERT INTO cars_models (name, brand_id) VALUES ('Yacht', 30);
INSERT INTO cars_models (name, brand_id) VALUES ('GN8', 31);
INSERT INTO cars_models (name, brand_id) VALUES ('GS3', 31);
INSERT INTO cars_models (name, brand_id) VALUES ('GS5', 31);
INSERT INTO cars_models (name, brand_id) VALUES ('GS8', 31);
INSERT INTO cars_models (name, brand_id) VALUES ('iA5', 31);
INSERT INTO cars_models (name, brand_id) VALUES ('M8', 31);
INSERT INTO cars_models (name, brand_id) VALUES ('12 ЗИМ', 32);
INSERT INTO cars_models (name, brand_id) VALUES ('13 «Чайка»', 32);
INSERT INTO cars_models (name, brand_id) VALUES ('14 «Чайка»', 32);
INSERT INTO cars_models (name, brand_id) VALUES ('18', 32);
INSERT INTO cars_models (name, brand_id) VALUES ('21 «Волга»', 32);
INSERT INTO cars_models (name, brand_id) VALUES ('22 «Волга»', 32);
INSERT INTO cars_models (name, brand_id) VALUES ('2308 «Атаман»', 32);
INSERT INTO cars_models (name, brand_id) VALUES ('2330 «Тигр»', 32);
INSERT INTO cars_models (name, brand_id) VALUES ('24 «Волга»', 32);
INSERT INTO cars_models (name, brand_id) VALUES ('25', 32);
INSERT INTO cars_models (name, brand_id) VALUES ('3102 «Волга»', 32);
INSERT INTO cars_models (name, brand_id) VALUES ('31022 «Волга»', 32);
INSERT INTO cars_models (name, brand_id) VALUES ('310221 «Волга»', 32);
INSERT INTO cars_models (name, brand_id) VALUES ('31029 «Волга»', 32);
INSERT INTO cars_models (name, brand_id) VALUES ('3103 «Волга»', 32);
INSERT INTO cars_models (name, brand_id) VALUES ('3105 «Волга»', 32);
INSERT INTO cars_models (name, brand_id) VALUES ('3110 «Волга»', 32);
INSERT INTO cars_models (name, brand_id) VALUES ('31105 «Волга»', 32);
INSERT INTO cars_models (name, brand_id) VALUES ('3111 «Волга»', 32);
INSERT INTO cars_models (name, brand_id) VALUES ('46', 32);
INSERT INTO cars_models (name, brand_id) VALUES ('61', 32);
INSERT INTO cars_models (name, brand_id) VALUES ('64', 32);
INSERT INTO cars_models (name, brand_id) VALUES ('69', 32);
INSERT INTO cars_models (name, brand_id) VALUES ('Volga Siber', 32);
INSERT INTO cars_models (name, brand_id) VALUES ('А', 32);
INSERT INTO cars_models (name, brand_id) VALUES ('ГАЗ 67', 32);
INSERT INTO cars_models (name, brand_id) VALUES ('М-20 «Победа»', 32);
INSERT INTO cars_models (name, brand_id) VALUES ('М-72', 32);
INSERT INTO cars_models (name, brand_id) VALUES ('М1', 32);
INSERT INTO cars_models (name, brand_id) VALUES ('Metro', 33);
INSERT INTO cars_models (name, brand_id) VALUES ('Prizm', 33);
INSERT INTO cars_models (name, brand_id) VALUES ('Spectrum', 33);
INSERT INTO cars_models (name, brand_id) VALUES ('Storm', 33);
INSERT INTO cars_models (name, brand_id) VALUES ('Tracker', 33);
INSERT INTO cars_models (name, brand_id) VALUES ('100', 34);
INSERT INTO cars_models (name, brand_id) VALUES ('Acadia', 34);
INSERT INTO cars_models (name, brand_id) VALUES ('Canyon', 34);
INSERT INTO cars_models (name, brand_id) VALUES ('Envoy', 34);
INSERT INTO cars_models (name, brand_id) VALUES ('Hummer EV', 34);
INSERT INTO cars_models (name, brand_id) VALUES ('Jimmy', 34);
INSERT INTO cars_models (name, brand_id) VALUES ('Safari', 34);
INSERT INTO cars_models (name, brand_id) VALUES ('Savana', 34);
INSERT INTO cars_models (name, brand_id) VALUES ('Sierra', 34);
INSERT INTO cars_models (name, brand_id) VALUES ('Sonoma', 34);
INSERT INTO cars_models (name, brand_id) VALUES ('Suburban', 34);
INSERT INTO cars_models (name, brand_id) VALUES ('Syclone', 34);
INSERT INTO cars_models (name, brand_id) VALUES ('Terrain', 34);
INSERT INTO cars_models (name, brand_id) VALUES ('Typhoon', 34);
INSERT INTO cars_models (name, brand_id) VALUES ('Vandura', 34);
INSERT INTO cars_models (name, brand_id) VALUES ('Yukon', 34);
INSERT INTO cars_models (name, brand_id) VALUES ('T', 35);
INSERT INTO cars_models (name, brand_id) VALUES ('TS', 35);
INSERT INTO cars_models (name, brand_id) VALUES ('Venom F5', 36);
INSERT INTO cars_models (name, brand_id) VALUES ('Venom GT', 36);
INSERT INTO cars_models (name, brand_id) VALUES ('Ambassador', 37);
INSERT INTO cars_models (name, brand_id) VALUES ('Contessa', 37);
INSERT INTO cars_models (name, brand_id) VALUES ('X', 38);
INSERT INTO cars_models (name, brand_id) VALUES ('Y', 38);
INSERT INTO cars_models (name, brand_id) VALUES ('Z', 38);
INSERT INTO cars_models (name, brand_id) VALUES ('K6', 39);
INSERT INTO cars_models (name, brand_id) VALUES ('S1', 40);
INSERT INTO cars_models (name, brand_id) VALUES ('E-Pace', 41);
INSERT INTO cars_models (name, brand_id) VALUES ('E-type', 41);
INSERT INTO cars_models (name, brand_id) VALUES ('F-Pace', 41);
INSERT INTO cars_models (name, brand_id) VALUES ('F-Type', 41);
INSERT INTO cars_models (name, brand_id) VALUES ('I-Pace', 41);
INSERT INTO cars_models (name, brand_id) VALUES ('Mark 2', 41);
INSERT INTO cars_models (name, brand_id) VALUES ('Mark IX', 41);
INSERT INTO cars_models (name, brand_id) VALUES ('S-Type', 41);
INSERT INTO cars_models (name, brand_id) VALUES ('X-Type', 41);
INSERT INTO cars_models (name, brand_id) VALUES ('XE', 41);
INSERT INTO cars_models (name, brand_id) VALUES ('XF', 41);
INSERT INTO cars_models (name, brand_id) VALUES ('XFR', 41);
INSERT INTO cars_models (name, brand_id) VALUES ('XJ', 41);
INSERT INTO cars_models (name, brand_id) VALUES ('XJ220', 41);
INSERT INTO cars_models (name, brand_id) VALUES ('XJR', 41);
INSERT INTO cars_models (name, brand_id) VALUES ('XJS', 41);
INSERT INTO cars_models (name, brand_id) VALUES ('XK', 41);
INSERT INTO cars_models (name, brand_id) VALUES ('XKR', 41);
INSERT INTO cars_models (name, brand_id) VALUES ('Avenger', 42);
INSERT INTO cars_models (name, brand_id) VALUES ('Cherokee', 42);
INSERT INTO cars_models (name, brand_id) VALUES ('CJ', 42);
INSERT INTO cars_models (name, brand_id) VALUES ('Comanche', 42);
INSERT INTO cars_models (name, brand_id) VALUES ('Commander', 42);
INSERT INTO cars_models (name, brand_id) VALUES ('Compass', 42);
INSERT INTO cars_models (name, brand_id) VALUES ('Gladiator', 42);
INSERT INTO cars_models (name, brand_id) VALUES ('Grand Cherokee', 42);
INSERT INTO cars_models (name, brand_id) VALUES ('Grand Commander', 42);
INSERT INTO cars_models (name, brand_id) VALUES ('Liberty (North America)', 42);
INSERT INTO cars_models (name, brand_id) VALUES ('Liberty (Patriot)', 42);
INSERT INTO cars_models (name, brand_id) VALUES ('Renegade', 42);
INSERT INTO cars_models (name, brand_id) VALUES ('Wagoneer', 42);
INSERT INTO cars_models (name, brand_id) VALUES ('Wagoneer S', 42);
INSERT INTO cars_models (name, brand_id) VALUES ('Wrangler', 42);
INSERT INTO cars_models (name, brand_id) VALUES ('Robo-01', 43);
INSERT INTO cars_models (name, brand_id) VALUES ('Haise', 44);
INSERT INTO cars_models (name, brand_id) VALUES ('Haise S', 44);
INSERT INTO cars_models (name, brand_id) VALUES ('Avella', 45);
INSERT INTO cars_models (name, brand_id) VALUES ('Borrego', 45);
INSERT INTO cars_models (name, brand_id) VALUES ('Cadenza', 45);
INSERT INTO cars_models (name, brand_id) VALUES ('Capital', 45);
INSERT INTO cars_models (name, brand_id) VALUES ('Carens', 45);
INSERT INTO cars_models (name, brand_id) VALUES ('Carnival', 45);
INSERT INTO cars_models (name, brand_id) VALUES ('Carstar', 45);
INSERT INTO cars_models (name, brand_id) VALUES ('Ceed', 45);
INSERT INTO cars_models (name, brand_id) VALUES ('Ceed GT', 45);
INSERT INTO cars_models (name, brand_id) VALUES ('Cerato', 45);
INSERT INTO cars_models (name, brand_id) VALUES ('Clarus', 45);
INSERT INTO cars_models (name, brand_id) VALUES ('Concord', 45);
INSERT INTO cars_models (name, brand_id) VALUES ('Elan', 45);
INSERT INTO cars_models (name, brand_id) VALUES ('Enterprise', 45);
INSERT INTO cars_models (name, brand_id) VALUES ('EV3', 45);
INSERT INTO cars_models (name, brand_id) VALUES ('EV5', 45);
INSERT INTO cars_models (name, brand_id) VALUES ('EV6', 45);
INSERT INTO cars_models (name, brand_id) VALUES ('EV9', 45);
INSERT INTO cars_models (name, brand_id) VALUES ('Forte', 45);
INSERT INTO cars_models (name, brand_id) VALUES ('Joice', 45);
INSERT INTO cars_models (name, brand_id) VALUES ('K3', 45);
INSERT INTO cars_models (name, brand_id) VALUES ('K5', 45);
INSERT INTO cars_models (name, brand_id) VALUES ('K7', 45);
INSERT INTO cars_models (name, brand_id) VALUES ('K8', 45);
INSERT INTO cars_models (name, brand_id) VALUES ('K9', 45);
INSERT INTO cars_models (name, brand_id) VALUES ('K900', 45);
INSERT INTO cars_models (name, brand_id) VALUES ('KX1', 45);
INSERT INTO cars_models (name, brand_id) VALUES ('KX3', 45);
INSERT INTO cars_models (name, brand_id) VALUES ('KX5', 45);
INSERT INTO cars_models (name, brand_id) VALUES ('Lotze', 45);
INSERT INTO cars_models (name, brand_id) VALUES ('Magentis', 45);
INSERT INTO cars_models (name, brand_id) VALUES ('Mentor', 45);
INSERT INTO cars_models (name, brand_id) VALUES ('Mohave', 45);
INSERT INTO cars_models (name, brand_id) VALUES ('Morning', 45);
INSERT INTO cars_models (name, brand_id) VALUES ('Niro', 45);
INSERT INTO cars_models (name, brand_id) VALUES ('Opirus', 45);
INSERT INTO cars_models (name, brand_id) VALUES ('Optima', 45);
INSERT INTO cars_models (name, brand_id) VALUES ('Pegas', 45);
INSERT INTO cars_models (name, brand_id) VALUES ('Picanto', 45);
INSERT INTO cars_models (name, brand_id) VALUES ('Potentia', 45);
INSERT INTO cars_models (name, brand_id) VALUES ('Pregio', 45);
INSERT INTO cars_models (name, brand_id) VALUES ('Pride', 45);
INSERT INTO cars_models (name, brand_id) VALUES ('Proceed', 45);
INSERT INTO cars_models (name, brand_id) VALUES ('Quanlima', 45);
INSERT INTO cars_models (name, brand_id) VALUES ('Quoris', 45);
INSERT INTO cars_models (name, brand_id) VALUES ('Ray', 45);
INSERT INTO cars_models (name, brand_id) VALUES ('Retona', 45);
INSERT INTO cars_models (name, brand_id) VALUES ('Rio', 45);
INSERT INTO cars_models (name, brand_id) VALUES ('Sedona', 45);
INSERT INTO cars_models (name, brand_id) VALUES ('Seltos', 45);
INSERT INTO cars_models (name, brand_id) VALUES ('Sephia', 45);
INSERT INTO cars_models (name, brand_id) VALUES ('Shuma', 45);
INSERT INTO cars_models (name, brand_id) VALUES ('Sonet', 45);
INSERT INTO cars_models (name, brand_id) VALUES ('Sorento', 45);
INSERT INTO cars_models (name, brand_id) VALUES ('Soul', 45);
INSERT INTO cars_models (name, brand_id) VALUES ('Soul EV', 45);
INSERT INTO cars_models (name, brand_id) VALUES ('Spectra', 45);
INSERT INTO cars_models (name, brand_id) VALUES ('Sportage', 45);
INSERT INTO cars_models (name, brand_id) VALUES ('Sportage (China)', 45);
INSERT INTO cars_models (name, brand_id) VALUES ('Stinger', 45);
INSERT INTO cars_models (name, brand_id) VALUES ('Stonic', 45);
INSERT INTO cars_models (name, brand_id) VALUES ('Telluride', 45);
INSERT INTO cars_models (name, brand_id) VALUES ('Towner', 45);
INSERT INTO cars_models (name, brand_id) VALUES ('Venga', 45);
INSERT INTO cars_models (name, brand_id) VALUES ('Visto', 45);
INSERT INTO cars_models (name, brand_id) VALUES ('X-Trek', 45);
INSERT INTO cars_models (name, brand_id) VALUES ('XCeed', 45);
INSERT INTO cars_models (name, brand_id) VALUES ('L380', 46);
INSERT INTO cars_models (name, brand_id) VALUES ('CT', 47);
INSERT INTO cars_models (name, brand_id) VALUES ('ES', 47);
INSERT INTO cars_models (name, brand_id) VALUES ('GS', 47);
INSERT INTO cars_models (name, brand_id) VALUES ('GS F', 47);
INSERT INTO cars_models (name, brand_id) VALUES ('GX', 47);
INSERT INTO cars_models (name, brand_id) VALUES ('HS', 47);
INSERT INTO cars_models (name, brand_id) VALUES ('IS', 47);
INSERT INTO cars_models (name, brand_id) VALUES ('IS F', 47);
INSERT INTO cars_models (name, brand_id) VALUES ('LBX', 47);
INSERT INTO cars_models (name, brand_id) VALUES ('LC', 47);
INSERT INTO cars_models (name, brand_id) VALUES ('LFA', 47);
INSERT INTO cars_models (name, brand_id) VALUES ('LM', 47);
INSERT INTO cars_models (name, brand_id) VALUES ('LS', 47);
INSERT INTO cars_models (name, brand_id) VALUES ('LX', 47);
INSERT INTO cars_models (name, brand_id) VALUES ('NX', 47);
INSERT INTO cars_models (name, brand_id) VALUES ('RC', 47);
INSERT INTO cars_models (name, brand_id) VALUES ('RC F', 47);
INSERT INTO cars_models (name, brand_id) VALUES ('RX', 47);
INSERT INTO cars_models (name, brand_id) VALUES ('RZ', 47);
INSERT INTO cars_models (name, brand_id) VALUES ('SC', 47);
INSERT INTO cars_models (name, brand_id) VALUES ('TX', 47);
INSERT INTO cars_models (name, brand_id) VALUES ('UX', 47);
INSERT INTO cars_models (name, brand_id) VALUES ('100NX', 48);
INSERT INTO cars_models (name, brand_id) VALUES ('180SX', 48);
INSERT INTO cars_models (name, brand_id) VALUES ('200SX', 48);
INSERT INTO cars_models (name, brand_id) VALUES ('240SX', 48);
INSERT INTO cars_models (name, brand_id) VALUES ('280ZX', 48);
INSERT INTO cars_models (name, brand_id) VALUES ('300ZX', 48);
INSERT INTO cars_models (name, brand_id) VALUES ('350Z', 48);
INSERT INTO cars_models (name, brand_id) VALUES ('370Z', 48);
INSERT INTO cars_models (name, brand_id) VALUES ('AD', 48);
INSERT INTO cars_models (name, brand_id) VALUES ('Almera', 48);
INSERT INTO cars_models (name, brand_id) VALUES ('Almera Classic', 48);
INSERT INTO cars_models (name, brand_id) VALUES ('Almera Tino', 48);
INSERT INTO cars_models (name, brand_id) VALUES ('Altima', 48);
INSERT INTO cars_models (name, brand_id) VALUES ('Ariya', 48);
INSERT INTO cars_models (name, brand_id) VALUES ('Armada', 48);
INSERT INTO cars_models (name, brand_id) VALUES ('Auster', 48);
INSERT INTO cars_models (name, brand_id) VALUES ('Avenir', 48);
INSERT INTO cars_models (name, brand_id) VALUES ('Bassara', 48);
INSERT INTO cars_models (name, brand_id) VALUES ('BE-1', 48);
INSERT INTO cars_models (name, brand_id) VALUES ('Bluebird', 48);
INSERT INTO cars_models (name, brand_id) VALUES ('Bluebird Maxima', 48);
INSERT INTO cars_models (name, brand_id) VALUES ('Bluebird Sylphy', 48);
INSERT INTO cars_models (name, brand_id) VALUES ('Caravan', 48);
INSERT INTO cars_models (name, brand_id) VALUES ('Cedric', 48);
INSERT INTO cars_models (name, brand_id) VALUES ('Cefiro', 48);
INSERT INTO cars_models (name, brand_id) VALUES ('Cherry', 48);
INSERT INTO cars_models (name, brand_id) VALUES ('Cima', 48);
INSERT INTO cars_models (name, brand_id) VALUES ('Clipper Rio', 48);
INSERT INTO cars_models (name, brand_id) VALUES ('Crew', 48);
INSERT INTO cars_models (name, brand_id) VALUES ('Cube', 48);
INSERT INTO cars_models (name, brand_id) VALUES ('Datsun', 48);
INSERT INTO cars_models (name, brand_id) VALUES ('Dayz', 48);
INSERT INTO cars_models (name, brand_id) VALUES ('Dayz Roox', 48);
INSERT INTO cars_models (name, brand_id) VALUES ('Dualis', 48);
INSERT INTO cars_models (name, brand_id) VALUES ('Elgrand', 48);
INSERT INTO cars_models (name, brand_id) VALUES ('Exa', 48);
INSERT INTO cars_models (name, brand_id) VALUES ('Expert', 48);
INSERT INTO cars_models (name, brand_id) VALUES ('Fairlady Z', 48);
INSERT INTO cars_models (name, brand_id) VALUES ('Figaro', 48);
INSERT INTO cars_models (name, brand_id) VALUES ('Frontier', 48);
INSERT INTO cars_models (name, brand_id) VALUES ('Fuga', 48);
INSERT INTO cars_models (name, brand_id) VALUES ('Gloria', 48);
INSERT INTO cars_models (name, brand_id) VALUES ('GT-R', 48);
INSERT INTO cars_models (name, brand_id) VALUES ('Homy', 48);
INSERT INTO cars_models (name, brand_id) VALUES ('Hypermini', 48);
INSERT INTO cars_models (name, brand_id) VALUES ('Juke', 48);
INSERT INTO cars_models (name, brand_id) VALUES ('Juke Nismo', 48);
INSERT INTO cars_models (name, brand_id) VALUES ('Kicks', 48);
INSERT INTO cars_models (name, brand_id) VALUES ('Kix', 48);
INSERT INTO cars_models (name, brand_id) VALUES ('Lafesta', 48);
INSERT INTO cars_models (name, brand_id) VALUES ('Langley', 48);
INSERT INTO cars_models (name, brand_id) VALUES ('Lannia', 48);
INSERT INTO cars_models (name, brand_id) VALUES ('Largo', 48);
INSERT INTO cars_models (name, brand_id) VALUES ('Latio', 48);
INSERT INTO cars_models (name, brand_id) VALUES ('Laurel', 48);
INSERT INTO cars_models (name, brand_id) VALUES ('Leaf', 48);
INSERT INTO cars_models (name, brand_id) VALUES ('Leopard', 48);
INSERT INTO cars_models (name, brand_id) VALUES ('Liberta Villa', 48);
INSERT INTO cars_models (name, brand_id) VALUES ('Liberty', 48);
INSERT INTO cars_models (name, brand_id) VALUES ('Livina', 48);
INSERT INTO cars_models (name, brand_id) VALUES ('Lucino', 48);
INSERT INTO cars_models (name, brand_id) VALUES ('March', 48);
INSERT INTO cars_models (name, brand_id) VALUES ('Maxima', 48);
INSERT INTO cars_models (name, brand_id) VALUES ('Micra', 48);
INSERT INTO cars_models (name, brand_id) VALUES ('Mistral', 48);
INSERT INTO cars_models (name, brand_id) VALUES ('Moco', 48);
INSERT INTO cars_models (name, brand_id) VALUES ('Murano', 48);
INSERT INTO cars_models (name, brand_id) VALUES ('Navara (Frontier)', 48);
INSERT INTO cars_models (name, brand_id) VALUES ('Note', 48);
INSERT INTO cars_models (name, brand_id) VALUES ('NP300', 48);
INSERT INTO cars_models (name, brand_id) VALUES ('NV100 Clipper', 48);
INSERT INTO cars_models (name, brand_id) VALUES ('NV200', 48);
INSERT INTO cars_models (name, brand_id) VALUES ('NV300', 48);
INSERT INTO cars_models (name, brand_id) VALUES ('NV350 Caravan', 48);
INSERT INTO cars_models (name, brand_id) VALUES ('NX Coupe', 48);
INSERT INTO cars_models (name, brand_id) VALUES ('Otti', 48);
INSERT INTO cars_models (name, brand_id) VALUES ('Pao', 48);
INSERT INTO cars_models (name, brand_id) VALUES ('Pathfinder', 48);
INSERT INTO cars_models (name, brand_id) VALUES ('Patrol', 48);
INSERT INTO cars_models (name, brand_id) VALUES ('Pino', 48);
INSERT INTO cars_models (name, brand_id) VALUES ('Pixo', 48);
INSERT INTO cars_models (name, brand_id) VALUES ('Prairie', 48);
INSERT INTO cars_models (name, brand_id) VALUES ('Presage', 48);
INSERT INTO cars_models (name, brand_id) VALUES ('Presea', 48);
INSERT INTO cars_models (name, brand_id) VALUES ('President', 48);
INSERT INTO cars_models (name, brand_id) VALUES ('Primastar', 48);
INSERT INTO cars_models (name, brand_id) VALUES ('Primera', 48);
INSERT INTO cars_models (name, brand_id) VALUES ('Pulsar', 48);
INSERT INTO cars_models (name, brand_id) VALUES ('Qashqai', 48);
INSERT INTO cars_models (name, brand_id) VALUES ('Qashqai+2', 48);
INSERT INTO cars_models (name, brand_id) VALUES ('Quest', 48);
INSERT INTO cars_models (name, brand_id) VALUES ('R nessa', 48);
INSERT INTO cars_models (name, brand_id) VALUES ('Rasheen', 48);
INSERT INTO cars_models (name, brand_id) VALUES ('Rogue', 48);
INSERT INTO cars_models (name, brand_id) VALUES ('Rogue Sport', 48);
INSERT INTO cars_models (name, brand_id) VALUES ('Roox', 48);
INSERT INTO cars_models (name, brand_id) VALUES ('Safari', 48);
INSERT INTO cars_models (name, brand_id) VALUES ('Sentra', 48);
INSERT INTO cars_models (name, brand_id) VALUES ('Serena', 48);
INSERT INTO cars_models (name, brand_id) VALUES ('Silvia', 48);
INSERT INTO cars_models (name, brand_id) VALUES ('Skyline', 48);
INSERT INTO cars_models (name, brand_id) VALUES ('Skyline Crossover', 48);
INSERT INTO cars_models (name, brand_id) VALUES ('Stagea', 48);
INSERT INTO cars_models (name, brand_id) VALUES ('Stanza', 48);
INSERT INTO cars_models (name, brand_id) VALUES ('Sunny', 48);
INSERT INTO cars_models (name, brand_id) VALUES ('Sylphy', 48);
INSERT INTO cars_models (name, brand_id) VALUES ('Teana', 48);
INSERT INTO cars_models (name, brand_id) VALUES ('Terra', 48);
INSERT INTO cars_models (name, brand_id) VALUES ('Terrano', 48);
INSERT INTO cars_models (name, brand_id) VALUES ('Terrano Regulus', 48);
INSERT INTO cars_models (name, brand_id) VALUES ('Tiida', 48);
INSERT INTO cars_models (name, brand_id) VALUES ('Tino', 48);
INSERT INTO cars_models (name, brand_id) VALUES ('Titan', 48);
INSERT INTO cars_models (name, brand_id) VALUES ('Urvan', 48);
INSERT INTO cars_models (name, brand_id) VALUES ('Vanette', 48);
INSERT INTO cars_models (name, brand_id) VALUES ('Versa', 48);
INSERT INTO cars_models (name, brand_id) VALUES ('Versa Note', 48);
INSERT INTO cars_models (name, brand_id) VALUES ('Wingroad', 48);
INSERT INTO cars_models (name, brand_id) VALUES ('X-Terra', 48);
INSERT INTO cars_models (name, brand_id) VALUES ('X-Trail', 48);
INSERT INTO cars_models (name, brand_id) VALUES ('Xterra', 48);
INSERT INTO cars_models (name, brand_id) VALUES ('Z', 48);
INSERT INTO cars_models (name, brand_id) VALUES ('M12 GTO', 49);
INSERT INTO cars_models (name, brand_id) VALUES ('M15', 49);
INSERT INTO cars_models (name, brand_id) VALUES ('M600', 49);
INSERT INTO cars_models (name, brand_id) VALUES ('Achieva', 50);
INSERT INTO cars_models (name, brand_id) VALUES ('Alero', 50);
INSERT INTO cars_models (name, brand_id) VALUES ('Aurora', 50);
INSERT INTO cars_models (name, brand_id) VALUES ('Bravada', 50);
INSERT INTO cars_models (name, brand_id) VALUES ('Cutlass', 50);
INSERT INTO cars_models (name, brand_id) VALUES ('Cutlass Calais', 50);
INSERT INTO cars_models (name, brand_id) VALUES ('Cutlass Ciera', 50);
INSERT INTO cars_models (name, brand_id) VALUES ('Cutlass Supreme', 50);
INSERT INTO cars_models (name, brand_id) VALUES ('Eighty-Eight', 50);
INSERT INTO cars_models (name, brand_id) VALUES ('Firenza', 50);
INSERT INTO cars_models (name, brand_id) VALUES ('Intrigue', 50);
INSERT INTO cars_models (name, brand_id) VALUES ('Ninety-Eight', 50);
INSERT INTO cars_models (name, brand_id) VALUES ('Omega', 50);
INSERT INTO cars_models (name, brand_id) VALUES ('Series 60', 50);
INSERT INTO cars_models (name, brand_id) VALUES ('Series 70', 50);
INSERT INTO cars_models (name, brand_id) VALUES ('Silhouette', 50);
INSERT INTO cars_models (name, brand_id) VALUES ('Starfire', 50);
INSERT INTO cars_models (name, brand_id) VALUES ('Toronado', 50);
INSERT INTO cars_models (name, brand_id) VALUES ('Vista Cruiser', 50);
INSERT INTO cars_models (name, brand_id) VALUES ('C5', 51);
INSERT INTO cars_models (name, brand_id) VALUES ('E5', 51);
INSERT INTO cars_models (name, brand_id) VALUES ('S5', 51);
INSERT INTO cars_models (name, brand_id) VALUES ('S5 GT', 51);
INSERT INTO cars_models (name, brand_id) VALUES ('4/8 PS', 52);
INSERT INTO cars_models (name, brand_id) VALUES ('Adam', 52);
INSERT INTO cars_models (name, brand_id) VALUES ('Admiral', 52);
INSERT INTO cars_models (name, brand_id) VALUES ('Agila', 52);
INSERT INTO cars_models (name, brand_id) VALUES ('Ampera', 52);
INSERT INTO cars_models (name, brand_id) VALUES ('Antara', 52);
INSERT INTO cars_models (name, brand_id) VALUES ('Ascona', 52);
INSERT INTO cars_models (name, brand_id) VALUES ('Astra', 52);
INSERT INTO cars_models (name, brand_id) VALUES ('Astra OPC', 52);
INSERT INTO cars_models (name, brand_id) VALUES ('Calibra', 52);
INSERT INTO cars_models (name, brand_id) VALUES ('Campo', 52);
INSERT INTO cars_models (name, brand_id) VALUES ('Cascada', 52);
INSERT INTO cars_models (name, brand_id) VALUES ('Combo', 52);
INSERT INTO cars_models (name, brand_id) VALUES ('Commodore', 52);
INSERT INTO cars_models (name, brand_id) VALUES ('Corsa', 52);
INSERT INTO cars_models (name, brand_id) VALUES ('Corsa OPC', 52);
INSERT INTO cars_models (name, brand_id) VALUES ('Crossland X', 52);
INSERT INTO cars_models (name, brand_id) VALUES ('Diplomat', 52);
INSERT INTO cars_models (name, brand_id) VALUES ('Frontera', 52);
INSERT INTO cars_models (name, brand_id) VALUES ('Grandland', 52);
INSERT INTO cars_models (name, brand_id) VALUES ('GT', 52);
INSERT INTO cars_models (name, brand_id) VALUES ('Insignia', 52);
INSERT INTO cars_models (name, brand_id) VALUES ('Insignia OPC', 52);
INSERT INTO cars_models (name, brand_id) VALUES ('Kadett', 52);
INSERT INTO cars_models (name, brand_id) VALUES ('Kapitan', 52);
INSERT INTO cars_models (name, brand_id) VALUES ('Karl', 52);
INSERT INTO cars_models (name, brand_id) VALUES ('Manta', 52);
INSERT INTO cars_models (name, brand_id) VALUES ('Meriva', 52);
INSERT INTO cars_models (name, brand_id) VALUES ('Meriva OPC', 52);
INSERT INTO cars_models (name, brand_id) VALUES ('Mokka', 52);
INSERT INTO cars_models (name, brand_id) VALUES ('Monterey', 52);
INSERT INTO cars_models (name, brand_id) VALUES ('Monza', 52);
INSERT INTO cars_models (name, brand_id) VALUES ('Olympia', 52);
INSERT INTO cars_models (name, brand_id) VALUES ('Omega', 52);
INSERT INTO cars_models (name, brand_id) VALUES ('P4', 52);
INSERT INTO cars_models (name, brand_id) VALUES ('Rekord', 52);
INSERT INTO cars_models (name, brand_id) VALUES ('Senator', 52);
INSERT INTO cars_models (name, brand_id) VALUES ('Signum', 52);
INSERT INTO cars_models (name, brand_id) VALUES ('Sintra', 52);
INSERT INTO cars_models (name, brand_id) VALUES ('Speedster', 52);
INSERT INTO cars_models (name, brand_id) VALUES ('Super Six', 52);
INSERT INTO cars_models (name, brand_id) VALUES ('Tigra', 52);
INSERT INTO cars_models (name, brand_id) VALUES ('Vectra', 52);
INSERT INTO cars_models (name, brand_id) VALUES ('Vectra OPC', 52);
INSERT INTO cars_models (name, brand_id) VALUES ('Vita', 52);
INSERT INTO cars_models (name, brand_id) VALUES ('Vivaro', 52);
INSERT INTO cars_models (name, brand_id) VALUES ('Zafira', 52);
INSERT INTO cars_models (name, brand_id) VALUES ('Zafira Life', 52);
INSERT INTO cars_models (name, brand_id) VALUES ('Zafira OPC', 52);
INSERT INTO cars_models (name, brand_id) VALUES ('03', 53);
INSERT INTO cars_models (name, brand_id) VALUES ('Ballet Cat', 53);
INSERT INTO cars_models (name, brand_id) VALUES ('Black Cat', 53);
INSERT INTO cars_models (name, brand_id) VALUES ('Good Cat', 53);
INSERT INTO cars_models (name, brand_id) VALUES ('Lightning Cat', 53);
INSERT INTO cars_models (name, brand_id) VALUES ('SAR (Saloon) Mecha Dragon', 53);
INSERT INTO cars_models (name, brand_id) VALUES ('White Cat', 53);
INSERT INTO cars_models (name, brand_id) VALUES ('1007', 54);
INSERT INTO cars_models (name, brand_id) VALUES ('104', 54);
INSERT INTO cars_models (name, brand_id) VALUES ('106', 54);
INSERT INTO cars_models (name, brand_id) VALUES ('107', 54);
INSERT INTO cars_models (name, brand_id) VALUES ('108', 54);
INSERT INTO cars_models (name, brand_id) VALUES ('2008', 54);
INSERT INTO cars_models (name, brand_id) VALUES ('201', 54);
INSERT INTO cars_models (name, brand_id) VALUES ('202', 54);
INSERT INTO cars_models (name, brand_id) VALUES ('203', 54);
INSERT INTO cars_models (name, brand_id) VALUES ('204', 54);
INSERT INTO cars_models (name, brand_id) VALUES ('205', 54);
INSERT INTO cars_models (name, brand_id) VALUES ('205 GTi', 54);
INSERT INTO cars_models (name, brand_id) VALUES ('206', 54);
INSERT INTO cars_models (name, brand_id) VALUES ('207', 54);
INSERT INTO cars_models (name, brand_id) VALUES ('207i (Iran Khodro)', 54);
INSERT INTO cars_models (name, brand_id) VALUES ('208', 54);
INSERT INTO cars_models (name, brand_id) VALUES ('208 GTi', 54);
INSERT INTO cars_models (name, brand_id) VALUES ('3008', 54);
INSERT INTO cars_models (name, brand_id) VALUES ('301', 54);
INSERT INTO cars_models (name, brand_id) VALUES ('304', 54);
INSERT INTO cars_models (name, brand_id) VALUES ('305', 54);
INSERT INTO cars_models (name, brand_id) VALUES ('306', 54);
INSERT INTO cars_models (name, brand_id) VALUES ('307', 54);
INSERT INTO cars_models (name, brand_id) VALUES ('308', 54);
INSERT INTO cars_models (name, brand_id) VALUES ('308 GTi', 54);
INSERT INTO cars_models (name, brand_id) VALUES ('309', 54);
INSERT INTO cars_models (name, brand_id) VALUES ('4007', 54);
INSERT INTO cars_models (name, brand_id) VALUES ('4008', 54);
INSERT INTO cars_models (name, brand_id) VALUES ('402', 54);
INSERT INTO cars_models (name, brand_id) VALUES ('403', 54);
INSERT INTO cars_models (name, brand_id) VALUES ('404', 54);
INSERT INTO cars_models (name, brand_id) VALUES ('405', 54);
INSERT INTO cars_models (name, brand_id) VALUES ('406', 54);
INSERT INTO cars_models (name, brand_id) VALUES ('407', 54);
INSERT INTO cars_models (name, brand_id) VALUES ('408', 54);
INSERT INTO cars_models (name, brand_id) VALUES ('5008', 54);
INSERT INTO cars_models (name, brand_id) VALUES ('504', 54);
INSERT INTO cars_models (name, brand_id) VALUES ('505', 54);
INSERT INTO cars_models (name, brand_id) VALUES ('508', 54);
INSERT INTO cars_models (name, brand_id) VALUES ('604', 54);
INSERT INTO cars_models (name, brand_id) VALUES ('605', 54);
INSERT INTO cars_models (name, brand_id) VALUES ('607', 54);
INSERT INTO cars_models (name, brand_id) VALUES ('806', 54);
INSERT INTO cars_models (name, brand_id) VALUES ('807', 54);
INSERT INTO cars_models (name, brand_id) VALUES ('Bipper', 54);
INSERT INTO cars_models (name, brand_id) VALUES ('Expert', 54);
INSERT INTO cars_models (name, brand_id) VALUES ('iOn', 54);
INSERT INTO cars_models (name, brand_id) VALUES ('Partner', 54);
INSERT INTO cars_models (name, brand_id) VALUES ('Pick Up', 54);
INSERT INTO cars_models (name, brand_id) VALUES ('RCZ', 54);
INSERT INTO cars_models (name, brand_id) VALUES ('Rifter', 54);
INSERT INTO cars_models (name, brand_id) VALUES ('Traveller', 54);
INSERT INTO cars_models (name, brand_id) VALUES ('Cevennes', 55);
INSERT INTO cars_models (name, brand_id) VALUES ('Hemera', 55);
INSERT INTO cars_models (name, brand_id) VALUES ('Speedster II', 55);
INSERT INTO cars_models (name, brand_id) VALUES ('Porter', 56);
INSERT INTO cars_models (name, brand_id) VALUES ('356', 57);
INSERT INTO cars_models (name, brand_id) VALUES ('718 Spyder', 57);
INSERT INTO cars_models (name, brand_id) VALUES ('911', 57);
INSERT INTO cars_models (name, brand_id) VALUES ('911 GT2', 57);
INSERT INTO cars_models (name, brand_id) VALUES ('911 GT3', 57);
INSERT INTO cars_models (name, brand_id) VALUES ('911 R', 57);
INSERT INTO cars_models (name, brand_id) VALUES ('911 S/T', 57);
INSERT INTO cars_models (name, brand_id) VALUES ('912', 57);
INSERT INTO cars_models (name, brand_id) VALUES ('914', 57);
INSERT INTO cars_models (name, brand_id) VALUES ('918 Spyder', 57);
INSERT INTO cars_models (name, brand_id) VALUES ('924', 57);
INSERT INTO cars_models (name, brand_id) VALUES ('928', 57);
INSERT INTO cars_models (name, brand_id) VALUES ('944', 57);
INSERT INTO cars_models (name, brand_id) VALUES ('959', 57);
INSERT INTO cars_models (name, brand_id) VALUES ('968', 57);
INSERT INTO cars_models (name, brand_id) VALUES ('Boxster', 57);
INSERT INTO cars_models (name, brand_id) VALUES ('Carrera GT', 57);
INSERT INTO cars_models (name, brand_id) VALUES ('Cayenne', 57);
INSERT INTO cars_models (name, brand_id) VALUES ('Cayman', 57);
INSERT INTO cars_models (name, brand_id) VALUES ('Cayman GT4', 57);
INSERT INTO cars_models (name, brand_id) VALUES ('Macan', 57);
INSERT INTO cars_models (name, brand_id) VALUES ('Panamera', 57);
INSERT INTO cars_models (name, brand_id) VALUES ('Taycan', 57);
INSERT INTO cars_models (name, brand_id) VALUES ('118NE', 58);
INSERT INTO cars_models (name, brand_id) VALUES ('Padmini', 58);
INSERT INTO cars_models (name, brand_id) VALUES ('GT & Touring', 59);
INSERT INTO cars_models (name, brand_id) VALUES ('Offroad', 59);
INSERT INTO cars_models (name, brand_id) VALUES ('Rally/cross', 59);
INSERT INTO cars_models (name, brand_id) VALUES ('Shortcut', 59);
INSERT INTO cars_models (name, brand_id) VALUES ('Багги Type 1', 59);
INSERT INTO cars_models (name, brand_id) VALUES ('Драгстер', 59);
INSERT INTO cars_models (name, brand_id) VALUES ('Дрифт-кар', 59);
INSERT INTO cars_models (name, brand_id) VALUES ('Самоделки', 59);
INSERT INTO cars_models (name, brand_id) VALUES ('Спортпрототип', 59);
INSERT INTO cars_models (name, brand_id) VALUES ('Формула', 59);
INSERT INTO cars_models (name, brand_id) VALUES ('Хот-род и Кастом', 59);
INSERT INTO cars_models (name, brand_id) VALUES ('1500', 60);
INSERT INTO cars_models (name, brand_id) VALUES ('ProMaster City', 60);
INSERT INTO cars_models (name, brand_id) VALUES ('Rampage', 60);
INSERT INTO cars_models (name, brand_id) VALUES ('V1000', 60);
INSERT INTO cars_models (name, brand_id) VALUES ('Tropica Roadster', 61);
INSERT INTO cars_models (name, brand_id) VALUES ('Kartal', 62);
INSERT INTO cars_models (name, brand_id) VALUES ('Murat 124', 62);
INSERT INTO cars_models (name, brand_id) VALUES ('Murat 131', 62);
INSERT INTO cars_models (name, brand_id) VALUES ('Sahin', 62);
INSERT INTO cars_models (name, brand_id) VALUES ('Serce', 62);
INSERT INTO cars_models (name, brand_id) VALUES ('2000GT', 63);
INSERT INTO cars_models (name, brand_id) VALUES ('4Runner', 63);
INSERT INTO cars_models (name, brand_id) VALUES ('Allex', 63);
INSERT INTO cars_models (name, brand_id) VALUES ('Allion', 63);
INSERT INTO cars_models (name, brand_id) VALUES ('Alphard', 63);
INSERT INTO cars_models (name, brand_id) VALUES ('Altezza', 63);
INSERT INTO cars_models (name, brand_id) VALUES ('Aqua', 63);
INSERT INTO cars_models (name, brand_id) VALUES ('Aristo', 63);
INSERT INTO cars_models (name, brand_id) VALUES ('Aurion', 63);
INSERT INTO cars_models (name, brand_id) VALUES ('Auris', 63);
INSERT INTO cars_models (name, brand_id) VALUES ('Avalon', 63);
INSERT INTO cars_models (name, brand_id) VALUES ('Avanza', 63);
INSERT INTO cars_models (name, brand_id) VALUES ('Avensis', 63);
INSERT INTO cars_models (name, brand_id) VALUES ('Avensis Verso', 63);
INSERT INTO cars_models (name, brand_id) VALUES ('Aygo', 63);
INSERT INTO cars_models (name, brand_id) VALUES ('Aygo X', 63);
INSERT INTO cars_models (name, brand_id) VALUES ('bB', 63);
INSERT INTO cars_models (name, brand_id) VALUES ('Belta', 63);
INSERT INTO cars_models (name, brand_id) VALUES ('Blade', 63);
INSERT INTO cars_models (name, brand_id) VALUES ('Blizzard', 63);
INSERT INTO cars_models (name, brand_id) VALUES ('Brevis', 63);
INSERT INTO cars_models (name, brand_id) VALUES ('bZ3', 63);
INSERT INTO cars_models (name, brand_id) VALUES ('bZ4X', 63);
INSERT INTO cars_models (name, brand_id) VALUES ('C-HR', 63);
INSERT INTO cars_models (name, brand_id) VALUES ('Caldina', 63);
INSERT INTO cars_models (name, brand_id) VALUES ('Cami', 63);
INSERT INTO cars_models (name, brand_id) VALUES ('Camry', 63);
INSERT INTO cars_models (name, brand_id) VALUES ('Camry Solara', 63);
INSERT INTO cars_models (name, brand_id) VALUES ('Carina', 63);
INSERT INTO cars_models (name, brand_id) VALUES ('Carina E', 63);
INSERT INTO cars_models (name, brand_id) VALUES ('Carina ED', 63);
INSERT INTO cars_models (name, brand_id) VALUES ('Cavalier', 63);
INSERT INTO cars_models (name, brand_id) VALUES ('Celica', 63);
INSERT INTO cars_models (name, brand_id) VALUES ('Celsior', 63);
INSERT INTO cars_models (name, brand_id) VALUES ('Century', 63);
INSERT INTO cars_models (name, brand_id) VALUES ('Chaser', 63);
INSERT INTO cars_models (name, brand_id) VALUES ('Classic', 63);
INSERT INTO cars_models (name, brand_id) VALUES ('Comfort', 63);
INSERT INTO cars_models (name, brand_id) VALUES ('COMS', 63);
INSERT INTO cars_models (name, brand_id) VALUES ('Corolla', 63);
INSERT INTO cars_models (name, brand_id) VALUES ('Corolla Cross', 63);
INSERT INTO cars_models (name, brand_id) VALUES ('Corolla II', 63);
INSERT INTO cars_models (name, brand_id) VALUES ('Corolla Levin', 63);
INSERT INTO cars_models (name, brand_id) VALUES ('Corolla Rumion', 63);
INSERT INTO cars_models (name, brand_id) VALUES ('Corolla Spacio', 63);
INSERT INTO cars_models (name, brand_id) VALUES ('Corolla Verso', 63);
INSERT INTO cars_models (name, brand_id) VALUES ('Corona', 63);
INSERT INTO cars_models (name, brand_id) VALUES ('Corona EXiV', 63);
INSERT INTO cars_models (name, brand_id) VALUES ('Corsa', 63);
INSERT INTO cars_models (name, brand_id) VALUES ('Cressida', 63);
INSERT INTO cars_models (name, brand_id) VALUES ('Cresta', 63);
INSERT INTO cars_models (name, brand_id) VALUES ('Crown', 63);
INSERT INTO cars_models (name, brand_id) VALUES ('Crown Kluger', 63);
INSERT INTO cars_models (name, brand_id) VALUES ('Crown Majesta', 63);
INSERT INTO cars_models (name, brand_id) VALUES ('Curren', 63);
INSERT INTO cars_models (name, brand_id) VALUES ('Cynos', 63);
INSERT INTO cars_models (name, brand_id) VALUES ('Duet', 63);
INSERT INTO cars_models (name, brand_id) VALUES ('Echo', 63);
INSERT INTO cars_models (name, brand_id) VALUES ('Esquire', 63);
INSERT INTO cars_models (name, brand_id) VALUES ('Estima', 63);
INSERT INTO cars_models (name, brand_id) VALUES ('Etios', 63);
INSERT INTO cars_models (name, brand_id) VALUES ('FJ Cruiser', 63);
INSERT INTO cars_models (name, brand_id) VALUES ('Fortuner', 63);
INSERT INTO cars_models (name, brand_id) VALUES ('Frontlander', 63);
INSERT INTO cars_models (name, brand_id) VALUES ('FunCargo', 63);
INSERT INTO cars_models (name, brand_id) VALUES ('Gaia', 63);
INSERT INTO cars_models (name, brand_id) VALUES ('GR86', 63);
INSERT INTO cars_models (name, brand_id) VALUES ('Grand HiAce', 63);
INSERT INTO cars_models (name, brand_id) VALUES ('Grand Highlander', 63);
INSERT INTO cars_models (name, brand_id) VALUES ('Granvia', 63);
INSERT INTO cars_models (name, brand_id) VALUES ('GT86', 63);
INSERT INTO cars_models (name, brand_id) VALUES ('Harrier', 63);
INSERT INTO cars_models (name, brand_id) VALUES ('HiAce', 63);
INSERT INTO cars_models (name, brand_id) VALUES ('Highlander', 63);
INSERT INTO cars_models (name, brand_id) VALUES ('Hilux', 63);
INSERT INTO cars_models (name, brand_id) VALUES ('Hilux Surf', 63);
INSERT INTO cars_models (name, brand_id) VALUES ('Innova', 63);
INSERT INTO cars_models (name, brand_id) VALUES ('Ipsum', 63);
INSERT INTO cars_models (name, brand_id) VALUES ('iQ', 63);
INSERT INTO cars_models (name, brand_id) VALUES ('ISis', 63);
INSERT INTO cars_models (name, brand_id) VALUES ('Ist', 63);
INSERT INTO cars_models (name, brand_id) VALUES ('Izoa', 63);
INSERT INTO cars_models (name, brand_id) VALUES ('Kluger', 63);
INSERT INTO cars_models (name, brand_id) VALUES ('Land Cruiser', 63);
INSERT INTO cars_models (name, brand_id) VALUES ('Land Cruiser Prado', 63);
INSERT INTO cars_models (name, brand_id) VALUES ('Levin', 63);
INSERT INTO cars_models (name, brand_id) VALUES ('Lite Ace', 63);
INSERT INTO cars_models (name, brand_id) VALUES ('Mark II', 63);
INSERT INTO cars_models (name, brand_id) VALUES ('Mark X', 63);
INSERT INTO cars_models (name, brand_id) VALUES ('Mark X ZiO', 63);
INSERT INTO cars_models (name, brand_id) VALUES ('MasterAce Surf', 63);
INSERT INTO cars_models (name, brand_id) VALUES ('Matrix', 63);
INSERT INTO cars_models (name, brand_id) VALUES ('Mega Cruiser', 63);
INSERT INTO cars_models (name, brand_id) VALUES ('Mirai', 63);
INSERT INTO cars_models (name, brand_id) VALUES ('Model F', 63);
INSERT INTO cars_models (name, brand_id) VALUES ('MR-S', 63);
INSERT INTO cars_models (name, brand_id) VALUES ('MR2', 63);
INSERT INTO cars_models (name, brand_id) VALUES ('Nadia', 63);
INSERT INTO cars_models (name, brand_id) VALUES ('Noah', 63);
INSERT INTO cars_models (name, brand_id) VALUES ('Opa', 63);
INSERT INTO cars_models (name, brand_id) VALUES ('Origin', 63);
INSERT INTO cars_models (name, brand_id) VALUES ('Paseo', 63);
INSERT INTO cars_models (name, brand_id) VALUES ('Passo', 63);
INSERT INTO cars_models (name, brand_id) VALUES ('Passo Sette', 63);
INSERT INTO cars_models (name, brand_id) VALUES ('Picnic', 63);
INSERT INTO cars_models (name, brand_id) VALUES ('Pixis Epoch', 63);
INSERT INTO cars_models (name, brand_id) VALUES ('Pixis Joy', 63);
INSERT INTO cars_models (name, brand_id) VALUES ('Pixis Mega', 63);
INSERT INTO cars_models (name, brand_id) VALUES ('Pixis Space', 63);
INSERT INTO cars_models (name, brand_id) VALUES ('Pixis Van', 63);
INSERT INTO cars_models (name, brand_id) VALUES ('Platz', 63);
INSERT INTO cars_models (name, brand_id) VALUES ('Porte', 63);
INSERT INTO cars_models (name, brand_id) VALUES ('Premio', 63);
INSERT INTO cars_models (name, brand_id) VALUES ('Previa', 63);
INSERT INTO cars_models (name, brand_id) VALUES ('Prius', 63);
INSERT INTO cars_models (name, brand_id) VALUES ('Prius Alpha', 63);
INSERT INTO cars_models (name, brand_id) VALUES ('Prius c', 63);
INSERT INTO cars_models (name, brand_id) VALUES ('Prius v (+)', 63);
INSERT INTO cars_models (name, brand_id) VALUES ('ProAce', 63);
INSERT INTO cars_models (name, brand_id) VALUES ('ProAce City', 63);
INSERT INTO cars_models (name, brand_id) VALUES ('Probox', 63);
INSERT INTO cars_models (name, brand_id) VALUES ('Progres', 63);
INSERT INTO cars_models (name, brand_id) VALUES ('Pronard', 63);
INSERT INTO cars_models (name, brand_id) VALUES ('Publica', 63);
INSERT INTO cars_models (name, brand_id) VALUES ('Ractis', 63);
INSERT INTO cars_models (name, brand_id) VALUES ('Raize', 63);
INSERT INTO cars_models (name, brand_id) VALUES ('Raum', 63);
INSERT INTO cars_models (name, brand_id) VALUES ('RAV4', 63);
INSERT INTO cars_models (name, brand_id) VALUES ('Regius', 63);
INSERT INTO cars_models (name, brand_id) VALUES ('RegiusAce', 63);
INSERT INTO cars_models (name, brand_id) VALUES ('Roomy', 63);
INSERT INTO cars_models (name, brand_id) VALUES ('Rush', 63);
INSERT INTO cars_models (name, brand_id) VALUES ('Sai', 63);
INSERT INTO cars_models (name, brand_id) VALUES ('Scepter', 63);
INSERT INTO cars_models (name, brand_id) VALUES ('Sequoia', 63);
INSERT INTO cars_models (name, brand_id) VALUES ('Sera', 63);
INSERT INTO cars_models (name, brand_id) VALUES ('Sienna', 63);
INSERT INTO cars_models (name, brand_id) VALUES ('Sienta', 63);
INSERT INTO cars_models (name, brand_id) VALUES ('Soarer', 63);
INSERT INTO cars_models (name, brand_id) VALUES ('Soluna', 63);
INSERT INTO cars_models (name, brand_id) VALUES ('Spade', 63);
INSERT INTO cars_models (name, brand_id) VALUES ('Sparky', 63);
INSERT INTO cars_models (name, brand_id) VALUES ('Sports 800', 63);
INSERT INTO cars_models (name, brand_id) VALUES ('Sprinter', 63);
INSERT INTO cars_models (name, brand_id) VALUES ('Sprinter Carib', 63);
INSERT INTO cars_models (name, brand_id) VALUES ('Sprinter Marino', 63);
INSERT INTO cars_models (name, brand_id) VALUES ('Sprinter Trueno', 63);
INSERT INTO cars_models (name, brand_id) VALUES ('Starlet', 63);
INSERT INTO cars_models (name, brand_id) VALUES ('Starlet Cross', 63);
INSERT INTO cars_models (name, brand_id) VALUES ('Succeed', 63);
INSERT INTO cars_models (name, brand_id) VALUES ('Supra', 63);
INSERT INTO cars_models (name, brand_id) VALUES ('Tacoma', 63);
INSERT INTO cars_models (name, brand_id) VALUES ('Tank', 63);
INSERT INTO cars_models (name, brand_id) VALUES ('Tercel', 63);
INSERT INTO cars_models (name, brand_id) VALUES ('Touring HiAce', 63);
INSERT INTO cars_models (name, brand_id) VALUES ('Town Ace', 63);
INSERT INTO cars_models (name, brand_id) VALUES ('Tundra', 63);
INSERT INTO cars_models (name, brand_id) VALUES ('Urban Cruiser', 63);
INSERT INTO cars_models (name, brand_id) VALUES ('Urban Cruiser Taisor', 63);
INSERT INTO cars_models (name, brand_id) VALUES ('Vanguard', 63);
INSERT INTO cars_models (name, brand_id) VALUES ('Vellfire', 63);
INSERT INTO cars_models (name, brand_id) VALUES ('Veloz', 63);
INSERT INTO cars_models (name, brand_id) VALUES ('Venza', 63);
INSERT INTO cars_models (name, brand_id) VALUES ('Verossa', 63);
INSERT INTO cars_models (name, brand_id) VALUES ('Verso', 63);
INSERT INTO cars_models (name, brand_id) VALUES ('Verso-S', 63);
INSERT INTO cars_models (name, brand_id) VALUES ('Vios', 63);
INSERT INTO cars_models (name, brand_id) VALUES ('Vista', 63);
INSERT INTO cars_models (name, brand_id) VALUES ('Vitz', 63);
INSERT INTO cars_models (name, brand_id) VALUES ('Voltz', 63);
INSERT INTO cars_models (name, brand_id) VALUES ('Voxy', 63);
INSERT INTO cars_models (name, brand_id) VALUES ('Wigo', 63);
INSERT INTO cars_models (name, brand_id) VALUES ('Wildlander', 63);
INSERT INTO cars_models (name, brand_id) VALUES ('WiLL', 63);
INSERT INTO cars_models (name, brand_id) VALUES ('WiLL Cypha', 63);
INSERT INTO cars_models (name, brand_id) VALUES ('Windom', 63);
INSERT INTO cars_models (name, brand_id) VALUES ('Wish', 63);
INSERT INTO cars_models (name, brand_id) VALUES ('Yaris', 63);
INSERT INTO cars_models (name, brand_id) VALUES ('Yaris Cross', 63);
INSERT INTO cars_models (name, brand_id) VALUES ('Yaris Verso', 63);
INSERT INTO cars_models (name, brand_id) VALUES ('Zelas', 63);
INSERT INTO cars_models (name, brand_id) VALUES ('280', 64);
INSERT INTO cars_models (name, brand_id) VALUES ('350', 64);
INSERT INTO cars_models (name, brand_id) VALUES ('390', 64);
INSERT INTO cars_models (name, brand_id) VALUES ('400', 64);
INSERT INTO cars_models (name, brand_id) VALUES ('420', 64);
INSERT INTO cars_models (name, brand_id) VALUES ('450', 64);
INSERT INTO cars_models (name, brand_id) VALUES ('Cerbera', 64);
INSERT INTO cars_models (name, brand_id) VALUES ('Chimaera', 64);
INSERT INTO cars_models (name, brand_id) VALUES ('Griffith', 64);
INSERT INTO cars_models (name, brand_id) VALUES ('S-Series', 64);
INSERT INTO cars_models (name, brand_id) VALUES ('Sagaris', 64);
INSERT INTO cars_models (name, brand_id) VALUES ('Taimar', 64);
INSERT INTO cars_models (name, brand_id) VALUES ('Tamora', 64);
INSERT INTO cars_models (name, brand_id) VALUES ('Tasmin', 64);
INSERT INTO cars_models (name, brand_id) VALUES ('Tuscan', 64);
INSERT INTO cars_models (name, brand_id) VALUES ('3151', 65);
INSERT INTO cars_models (name, brand_id) VALUES ('3153', 65);
INSERT INTO cars_models (name, brand_id) VALUES ('3159', 65);
INSERT INTO cars_models (name, brand_id) VALUES ('3160', 65);
INSERT INTO cars_models (name, brand_id) VALUES ('3162 Simbir', 65);
INSERT INTO cars_models (name, brand_id) VALUES ('469', 65);
INSERT INTO cars_models (name, brand_id) VALUES ('Hunter', 65);
INSERT INTO cars_models (name, brand_id) VALUES ('Patriot', 65);
INSERT INTO cars_models (name, brand_id) VALUES ('Pickup', 65);
INSERT INTO cars_models (name, brand_id) VALUES ('Астеро', 65);
INSERT INTO cars_models (name, brand_id) VALUES ('C40', 66);
INSERT INTO cars_models (name, brand_id) VALUES ('K30', 66);
INSERT INTO cars_models (name, brand_id) VALUES ('K40', 66);
INSERT INTO cars_models (name, brand_id) VALUES ('181', 67);
INSERT INTO cars_models (name, brand_id) VALUES ('Amarok', 67);
INSERT INTO cars_models (name, brand_id) VALUES ('Arteon', 67);
INSERT INTO cars_models (name, brand_id) VALUES ('Arteon R', 67);
INSERT INTO cars_models (name, brand_id) VALUES ('Atlas', 67);
INSERT INTO cars_models (name, brand_id) VALUES ('Atlas Cross Sport', 67);
INSERT INTO cars_models (name, brand_id) VALUES ('Beetle', 67);
INSERT INTO cars_models (name, brand_id) VALUES ('Bora', 67);
INSERT INTO cars_models (name, brand_id) VALUES ('C-Trek', 67);
INSERT INTO cars_models (name, brand_id) VALUES ('Caddy', 67);
INSERT INTO cars_models (name, brand_id) VALUES ('California', 67);
INSERT INTO cars_models (name, brand_id) VALUES ('Caravelle', 67);
INSERT INTO cars_models (name, brand_id) VALUES ('Corrado', 67);
INSERT INTO cars_models (name, brand_id) VALUES ('Derby', 67);
INSERT INTO cars_models (name, brand_id) VALUES ('Eos', 67);
INSERT INTO cars_models (name, brand_id) VALUES ('EuroVan', 67);
INSERT INTO cars_models (name, brand_id) VALUES ('Fox', 67);
INSERT INTO cars_models (name, brand_id) VALUES ('Gol', 67);
INSERT INTO cars_models (name, brand_id) VALUES ('Golf', 67);
INSERT INTO cars_models (name, brand_id) VALUES ('Golf Country', 67);
INSERT INTO cars_models (name, brand_id) VALUES ('Golf GTI', 67);
INSERT INTO cars_models (name, brand_id) VALUES ('Golf Plus', 67);
INSERT INTO cars_models (name, brand_id) VALUES ('Golf R', 67);
INSERT INTO cars_models (name, brand_id) VALUES ('Golf R32', 67);
INSERT INTO cars_models (name, brand_id) VALUES ('Golf Sportsvan', 67);
INSERT INTO cars_models (name, brand_id) VALUES ('ID.3', 67);
INSERT INTO cars_models (name, brand_id) VALUES ('ID.4', 67);
INSERT INTO cars_models (name, brand_id) VALUES ('ID.5', 67);
INSERT INTO cars_models (name, brand_id) VALUES ('ID.6', 67);
INSERT INTO cars_models (name, brand_id) VALUES ('ID.7', 67);
INSERT INTO cars_models (name, brand_id) VALUES ('ID.Buzz', 67);
INSERT INTO cars_models (name, brand_id) VALUES ('ID.UNYX', 67);
INSERT INTO cars_models (name, brand_id) VALUES ('Iltis', 67);
INSERT INTO cars_models (name, brand_id) VALUES ('Jetta', 67);
INSERT INTO cars_models (name, brand_id) VALUES ('K70', 67);
INSERT INTO cars_models (name, brand_id) VALUES ('Karmann-Ghia', 67);
INSERT INTO cars_models (name, brand_id) VALUES ('Lamando', 67);
INSERT INTO cars_models (name, brand_id) VALUES ('Lavida', 67);
INSERT INTO cars_models (name, brand_id) VALUES ('Lupo', 67);
INSERT INTO cars_models (name, brand_id) VALUES ('Lupo GTI', 67);
INSERT INTO cars_models (name, brand_id) VALUES ('Magotan', 67);
INSERT INTO cars_models (name, brand_id) VALUES ('Multivan', 67);
INSERT INTO cars_models (name, brand_id) VALUES ('Parati', 67);
INSERT INTO cars_models (name, brand_id) VALUES ('Passat', 67);
INSERT INTO cars_models (name, brand_id) VALUES ('Passat (North America and China)', 67);
INSERT INTO cars_models (name, brand_id) VALUES ('Passat CC', 67);
INSERT INTO cars_models (name, brand_id) VALUES ('Phaeton', 67);
INSERT INTO cars_models (name, brand_id) VALUES ('Phideon', 67);
INSERT INTO cars_models (name, brand_id) VALUES ('Pointer', 67);
INSERT INTO cars_models (name, brand_id) VALUES ('Polo', 67);
INSERT INTO cars_models (name, brand_id) VALUES ('Polo GTI', 67);
INSERT INTO cars_models (name, brand_id) VALUES ('Polo R WRC', 67);
INSERT INTO cars_models (name, brand_id) VALUES ('Quantum', 67);
INSERT INTO cars_models (name, brand_id) VALUES ('Routan', 67);
INSERT INTO cars_models (name, brand_id) VALUES ('Sagitar', 67);
INSERT INTO cars_models (name, brand_id) VALUES ('Santana', 67);
INSERT INTO cars_models (name, brand_id) VALUES ('Scirocco', 67);
INSERT INTO cars_models (name, brand_id) VALUES ('Scirocco R', 67);
INSERT INTO cars_models (name, brand_id) VALUES ('Sharan', 67);
INSERT INTO cars_models (name, brand_id) VALUES ('SpaceFox', 67);
INSERT INTO cars_models (name, brand_id) VALUES ('T-Cross', 67);
INSERT INTO cars_models (name, brand_id) VALUES ('T-Roc', 67);
INSERT INTO cars_models (name, brand_id) VALUES ('T-Roc R', 67);
INSERT INTO cars_models (name, brand_id) VALUES ('Tacqua', 67);
INSERT INTO cars_models (name, brand_id) VALUES ('Taigo', 67);
INSERT INTO cars_models (name, brand_id) VALUES ('Taigun', 67);
INSERT INTO cars_models (name, brand_id) VALUES ('Talagon', 67);
INSERT INTO cars_models (name, brand_id) VALUES ('Taos', 67);
INSERT INTO cars_models (name, brand_id) VALUES ('Taro', 67);
INSERT INTO cars_models (name, brand_id) VALUES ('Tavendor', 67);
INSERT INTO cars_models (name, brand_id) VALUES ('Tayron', 67);
INSERT INTO cars_models (name, brand_id) VALUES ('Teramont', 67);
INSERT INTO cars_models (name, brand_id) VALUES ('Tharu', 67);
INSERT INTO cars_models (name, brand_id) VALUES ('Tiguan', 67);
INSERT INTO cars_models (name, brand_id) VALUES ('Tiguan R', 67);
INSERT INTO cars_models (name, brand_id) VALUES ('Touareg', 67);
INSERT INTO cars_models (name, brand_id) VALUES ('Touareg R', 67);
INSERT INTO cars_models (name, brand_id) VALUES ('Touran', 67);
INSERT INTO cars_models (name, brand_id) VALUES ('Transporter', 67);
INSERT INTO cars_models (name, brand_id) VALUES ('Type 1', 67);
INSERT INTO cars_models (name, brand_id) VALUES ('Type 166', 67);
INSERT INTO cars_models (name, brand_id) VALUES ('Type 2', 67);
INSERT INTO cars_models (name, brand_id) VALUES ('Type 3', 67);
INSERT INTO cars_models (name, brand_id) VALUES ('Type 4', 67);
INSERT INTO cars_models (name, brand_id) VALUES ('Type 82', 67);
INSERT INTO cars_models (name, brand_id) VALUES ('up!', 67);
INSERT INTO cars_models (name, brand_id) VALUES ('Vento', 67);
INSERT INTO cars_models (name, brand_id) VALUES ('Viloran', 67);
INSERT INTO cars_models (name, brand_id) VALUES ('XL1', 67);
INSERT INTO cars_models (name, brand_id) VALUES ('120 Series', 68);
INSERT INTO cars_models (name, brand_id) VALUES ('140 Series', 68);
INSERT INTO cars_models (name, brand_id) VALUES ('164', 68);
INSERT INTO cars_models (name, brand_id) VALUES ('240 Series', 68);
INSERT INTO cars_models (name, brand_id) VALUES ('260 Series', 68);
INSERT INTO cars_models (name, brand_id) VALUES ('300 Series', 68);
INSERT INTO cars_models (name, brand_id) VALUES ('440', 68);
INSERT INTO cars_models (name, brand_id) VALUES ('460', 68);
INSERT INTO cars_models (name, brand_id) VALUES ('480', 68);
INSERT INTO cars_models (name, brand_id) VALUES ('66', 68);
INSERT INTO cars_models (name, brand_id) VALUES ('740', 68);
INSERT INTO cars_models (name, brand_id) VALUES ('760', 68);
INSERT INTO cars_models (name, brand_id) VALUES ('780', 68);
INSERT INTO cars_models (name, brand_id) VALUES ('850', 68);
INSERT INTO cars_models (name, brand_id) VALUES ('940', 68);
INSERT INTO cars_models (name, brand_id) VALUES ('960', 68);
INSERT INTO cars_models (name, brand_id) VALUES ('C30', 68);
INSERT INTO cars_models (name, brand_id) VALUES ('C40', 68);
INSERT INTO cars_models (name, brand_id) VALUES ('C70', 68);
INSERT INTO cars_models (name, brand_id) VALUES ('EC40', 68);
INSERT INTO cars_models (name, brand_id) VALUES ('EM90', 68);
INSERT INTO cars_models (name, brand_id) VALUES ('EX30', 68);
INSERT INTO cars_models (name, brand_id) VALUES ('EX40', 68);
INSERT INTO cars_models (name, brand_id) VALUES ('EX90', 68);
INSERT INTO cars_models (name, brand_id) VALUES ('Laplander', 68);
INSERT INTO cars_models (name, brand_id) VALUES ('P1800', 68);
INSERT INTO cars_models (name, brand_id) VALUES ('P1900', 68);
INSERT INTO cars_models (name, brand_id) VALUES ('PV444', 68);
INSERT INTO cars_models (name, brand_id) VALUES ('PV544', 68);
INSERT INTO cars_models (name, brand_id) VALUES ('S40', 68);
INSERT INTO cars_models (name, brand_id) VALUES ('S60', 68);
INSERT INTO cars_models (name, brand_id) VALUES ('S60 Cross Country', 68);
INSERT INTO cars_models (name, brand_id) VALUES ('S70', 68);
INSERT INTO cars_models (name, brand_id) VALUES ('S80', 68);
INSERT INTO cars_models (name, brand_id) VALUES ('S90', 68);
INSERT INTO cars_models (name, brand_id) VALUES ('V40', 68);
INSERT INTO cars_models (name, brand_id) VALUES ('V40 Cross Country', 68);
INSERT INTO cars_models (name, brand_id) VALUES ('V50', 68);
INSERT INTO cars_models (name, brand_id) VALUES ('V60', 68);
INSERT INTO cars_models (name, brand_id) VALUES ('V60 Cross Country', 68);
INSERT INTO cars_models (name, brand_id) VALUES ('V70', 68);
INSERT INTO cars_models (name, brand_id) VALUES ('V90', 68);
INSERT INTO cars_models (name, brand_id) VALUES ('V90 Cross Country', 68);
INSERT INTO cars_models (name, brand_id) VALUES ('XC40', 68);
INSERT INTO cars_models (name, brand_id) VALUES ('XC60', 68);
INSERT INTO cars_models (name, brand_id) VALUES ('XC70', 68);
INSERT INTO cars_models (name, brand_id) VALUES ('XC90', 68);

INSERT INTO colors (name, hex) VALUES ('Red', '#FF0000');
INSERT INTO colors (name, hex) VALUES ('Green', '#00FF00');
INSERT INTO colors (name, hex) VALUES ('Blue', '#0000FF');
INSERT INTO colors (name, hex) VALUES ('Yellow', '#FFFF00');
INSERT INTO colors (name, hex) VALUES ('Cyan', '#00FFFF');
INSERT INTO colors (name, hex) VALUES ('Magenta', '#FF00FF');
INSERT INTO colors (name, hex) VALUES ('Black', '#000000');
INSERT INTO colors (name, hex) VALUES ('White', '#FFFFFF');
INSERT INTO colors (name, hex) VALUES ('Gray', '#808080');
INSERT INTO colors (name, hex) VALUES ('Orange', '#FFA500');
INSERT INTO colors (name, hex) VALUES ('Purple', '#800080');
INSERT INTO colors (name, hex) VALUES ('Brown', '#A52A2A');
INSERT INTO colors (name, hex) VALUES ('Pink', '#FFC0CB');
INSERT INTO colors (name, hex) VALUES ('Lime', '#00FF00');
INSERT INTO colors (name, hex) VALUES ('Indigo', '#4B0082');
INSERT INTO colors (name, hex) VALUES ('Teal', '#008080');
INSERT INTO colors (name, hex) VALUES ('Silver', '#C0C0C0');
INSERT INTO colors (name, hex) VALUES ('Gold', '#FFD700');
INSERT INTO colors (name, hex) VALUES ('Violet', '#EE82EE');
INSERT INTO colors (name, hex) VALUES ('Turquoise', '#40E0D0');
INSERT INTO colors (name, hex) VALUES ('Olive', '#808000');
INSERT INTO colors (name, hex) VALUES ('Maroon', '#800000');
INSERT INTO colors (name, hex) VALUES ('Navy', '#000080');
INSERT INTO colors (name, hex) VALUES ('Coral', '#FF7F50');
INSERT INTO colors (name, hex) VALUES ('Salmon', '#FA8072');
INSERT INTO colors (name, hex) VALUES ('Khaki', '#F0E68C');
